origin,destination,country,region,ai_current_rate_usd_feu,ai_forecast_rate_usd_feu_3mo,ai_pct_change,ai_note,ai_provider,ai_model,ai_confidence,fetched_at
Nhava Sheva (JNPT),Jebel Ali,UAE,Middle East,955.0,907.0,-5.0,"Short-haul Gulf lane, minimal Suez/Cape exposure",benchmark_anchor,route-exposure-anchor-v1,calibration_fill,2026-08-04T19:54:22+00:00
Nhava Sheva (JNPT),Dammam,Saudi Arabia,Middle East,1041.0,989.0,-5.0,"Short-haul Gulf lane, minimal Suez/Cape exposure",benchmark_anchor,route-exposure-anchor-v1,calibration_fill,2026-08-04T19:54:22+00:00
Nhava Sheva (JNPT),Bandar Abbas,Iran,Middle East,1063.0,1010.0,-5.0,"Short-haul Gulf lane, minimal Suez/Cape exposure",benchmark_anchor,route-exposure-anchor-v1,calibration_fill,2026-08-04T19:54:22+00:00
Nhava Sheva (JNPT),Kuwait City,Kuwait,Middle East,948.0,901.0,-5.0,"Short-haul Gulf lane, minimal Suez/Cape exposure",benchmark_anchor,route-exposure-anchor-v1,calibration_fill,2026-08-04T19:54:22+00:00
Nhava Sheva (JNPT),Hamad Port (Doha),Qatar,Middle East,926.0,880.0,-5.0,"Short-haul Gulf lane, minimal Suez/Cape exposure",benchmark_anchor,route-exposure-anchor-v1,calibration_fill,2026-08-04T19:54:22+00:00
Nhava Sheva (JNPT),Sohar,Oman,Middle East,972.0,923.0,-5.0,"Short-haul Gulf lane, minimal Suez/Cape exposure",benchmark_anchor,route-exposure-anchor-v1,calibration_fill,2026-08-04T19:54:22+00:00
Nhava Sheva (JNPT),Jeddah,Saudi Arabia,Red Sea / East Africa,1314.0,1235.0,-6.0,Direct Red Sea corridor risk premium persists,benchmark_anchor,route-exposure-anchor-v1,calibration_fill,2026-08-04T19:54:22+00:00
Nhava Sheva (JNPT),Port Sudan,Sudan,Red Sea / East Africa,1881.0,1768.0,-6.0,Direct Red Sea corridor risk premium persists,benchmark_anchor,route-exposure-anchor-v1,calibration_fill,2026-08-04T19:54:22+00:00
Nhava Sheva (JNPT),Djibouti,Djibouti,Red Sea / East Africa,1686.0,1585.0,-6.0,Direct Red Sea corridor risk premium persists,benchmark_anchor,route-exposure-anchor-v1,calibration_fill,2026-08-04T19:54:22+00:00
Nhava Sheva (JNPT),Aqaba,Jordan,Red Sea / East Africa,1646.0,1547.0,-6.0,Direct Red Sea corridor risk premium persists,benchmark_anchor,route-exposure-anchor-v1,calibration_fill,2026-08-04T19:54:22+00:00
Nhava Sheva (JNPT),Suez,Egypt,Red Sea / East Africa,1864.0,1752.0,-6.0,Direct Red Sea corridor risk premium persists,benchmark_anchor,route-exposure-anchor-v1,calibration_fill,2026-08-04T19:54:22+00:00
Nhava Sheva (JNPT),Piraeus,Greece,Europe (Mediterranean),3582.0,3295.0,-8.0,Cape diversion adding transit cost to Europe calls,benchmark_anchor,route-exposure-anchor-v1,calibration_fill,2026-08-04T19:54:22+00:00
Nhava Sheva (JNPT),Genoa,Italy,Europe (Mediterranean),3801.0,3497.0,-8.0,Cape diversion adding transit cost to Europe calls,benchmark_anchor,route-exposure-anchor-v1,calibration_fill,2026-08-04T19:54:22+00:00
Nhava Sheva (JNPT),Barcelona,Spain,Europe (Mediterranean),3841.0,3534.0,-8.0,Cape diversion adding transit cost to Europe calls,benchmark_anchor,route-exposure-anchor-v1,calibration_fill,2026-08-04T19:54:22+00:00
Nhava Sheva (JNPT),Marseille,France,Europe (Mediterranean),4033.0,3710.0,-8.0,Cape diversion adding transit cost to Europe calls,benchmark_anchor,route-exposure-anchor-v1,calibration_fill,2026-08-04T19:54:22+00:00
Nhava Sheva (JNPT),Valencia,Spain,Europe (Mediterranean),3877.0,3567.0,-8.0,Cape diversion adding transit cost to Europe calls,benchmark_anchor,route-exposure-anchor-v1,calibration_fill,2026-08-04T19:54:22+00:00
Nhava Sheva (JNPT),Gioia Tauro,Italy,Europe (Mediterranean),4104.0,3776.0,-8.0,Cape diversion adding transit cost to Europe calls,benchmark_anchor,route-exposure-anchor-v1,calibration_fill,2026-08-04T19:54:22+00:00
Nhava Sheva (JNPT),Ambarli (Istanbul),Turkey,Europe (Mediterranean),3824.0,3518.0,-8.0,Cape diversion adding transit cost to Europe calls,benchmark_anchor,route-exposure-anchor-v1,calibration_fill,2026-08-04T19:54:22+00:00
Nhava Sheva (JNPT),Rotterdam,Netherlands,Europe (North),4836.0,4449.0,-8.0,Cape diversion adding transit cost to Europe calls,benchmark_anchor,route-exposure-anchor-v1,calibration_fill,2026-08-04T19:54:22+00:00
Nhava Sheva (JNPT),Hamburg,Germany,Europe (North),5262.0,4841.0,-8.0,Cape diversion adding transit cost to Europe calls,benchmark_anchor,route-exposure-anchor-v1,calibration_fill,2026-08-04T19:54:22+00:00
Nhava Sheva (JNPT),Antwerp,Belgium,Europe (North),4611.0,4242.0,-8.0,Cape diversion adding transit cost to Europe calls,benchmark_anchor,route-exposure-anchor-v1,calibration_fill,2026-08-04T19:54:22+00:00
Nhava Sheva (JNPT),Felixstowe,United Kingdom,Europe (North),4762.0,4381.0,-8.0,Cape diversion adding transit cost to Europe calls,benchmark_anchor,route-exposure-anchor-v1,calibration_fill,2026-08-04T19:54:22+00:00
Nhava Sheva (JNPT),Le Havre,France,Europe (North),4954.0,4558.0,-8.0,Cape diversion adding transit cost to Europe calls,benchmark_anchor,route-exposure-anchor-v1,calibration_fill,2026-08-04T19:54:22+00:00
Nhava Sheva (JNPT),New York/New Jersey,USA,US East Coast,7024.0,6322.0,-10.0,Cape diversion + Panama draft limits keep US rates elevated,benchmark_anchor,route-exposure-anchor-v1,calibration_fill,2026-08-04T19:54:22+00:00
Nhava Sheva (JNPT),Savannah,USA,US East Coast,6903.0,6213.0,-10.0,Cape diversion + Panama draft limits keep US rates elevated,benchmark_anchor,route-exposure-anchor-v1,calibration_fill,2026-08-04T19:54:22+00:00
Nhava Sheva (JNPT),Norfolk,USA,US East Coast,7351.0,6616.0,-10.0,Cape diversion + Panama draft limits keep US rates elevated,benchmark_anchor,route-exposure-anchor-v1,calibration_fill,2026-08-04T19:54:22+00:00
Nhava Sheva (JNPT),Charleston,USA,US East Coast,7254.0,6529.0,-10.0,Cape diversion + Panama draft limits keep US rates elevated,benchmark_anchor,route-exposure-anchor-v1,calibration_fill,2026-08-04T19:54:22+00:00
Nhava Sheva (JNPT),Baltimore,USA,US East Coast,7920.0,7128.0,-10.0,Cape diversion + Panama draft limits keep US rates elevated,benchmark_anchor,route-exposure-anchor-v1,calibration_fill,2026-08-04T19:54:22+00:00
Nhava Sheva (JNPT),Houston,USA,US Gulf / Caribbean / Latin America,7909.0,7118.0,-10.0,Cape diversion + Panama draft limits keep US rates elevated,benchmark_anchor,route-exposure-anchor-v1,calibration_fill,2026-08-04T19:54:22+00:00
Nhava Sheva (JNPT),New Orleans,USA,US Gulf / Caribbean / Latin America,7666.0,6899.0,-10.0,Cape diversion + Panama draft limits keep US rates elevated,benchmark_anchor,route-exposure-anchor-v1,calibration_fill,2026-08-04T19:54:22+00:00
Nhava Sheva (JNPT),Cartagena,Colombia,US Gulf / Caribbean / Latin America,3779.0,3552.0,-6.0,Panama transit constraints add modest premium,benchmark_anchor,route-exposure-anchor-v1,calibration_fill,2026-08-04T19:54:22+00:00
Nhava Sheva (JNPT),Balboa,Panama,US Gulf / Caribbean / Latin America,3509.0,3298.0,-6.0,Panama transit constraints add modest premium,benchmark_anchor,route-exposure-anchor-v1,calibration_fill,2026-08-04T19:54:22+00:00
Nhava Sheva (JNPT),Kingston,Jamaica,US Gulf / Caribbean / Latin America,3449.0,3242.0,-6.0,Panama transit constraints add modest premium,benchmark_anchor,route-exposure-anchor-v1,calibration_fill,2026-08-04T19:54:22+00:00
Nhava Sheva (JNPT),Lagos,Nigeria,Africa / South America (Cape),3751.0,3488.0,-7.0,Cape of Good Hope congestion and diversion premium,benchmark_anchor,route-exposure-anchor-v1,calibration_fill,2026-08-04T19:54:22+00:00
Nhava Sheva (JNPT),Tema,Ghana,Africa / South America (Cape),4003.0,3723.0,-7.0,Cape of Good Hope congestion and diversion premium,benchmark_anchor,route-exposure-anchor-v1,calibration_fill,2026-08-04T19:54:22+00:00
Nhava Sheva (JNPT),Durban,South Africa,Africa / South America (Cape),3161.0,2940.0,-7.0,Cape of Good Hope congestion and diversion premium,benchmark_anchor,route-exposure-anchor-v1,calibration_fill,2026-08-04T19:54:22+00:00
Nhava Sheva (JNPT),Cape Town,South Africa,Africa / South America (Cape),3187.0,2964.0,-7.0,Cape of Good Hope congestion and diversion premium,benchmark_anchor,route-exposure-anchor-v1,calibration_fill,2026-08-04T19:54:22+00:00
Nhava Sheva (JNPT),Santos,Brazil,Africa / South America (Cape),3918.0,3644.0,-7.0,Cape of Good Hope congestion and diversion premium,benchmark_anchor,route-exposure-anchor-v1,calibration_fill,2026-08-04T19:54:22+00:00
Nhava Sheva (JNPT),Buenos Aires,Argentina,Africa / South America (Cape),4602.0,4280.0,-7.0,Cape of Good Hope congestion and diversion premium,benchmark_anchor,route-exposure-anchor-v1,calibration_fill,2026-08-04T19:54:22+00:00
Nhava Sheva (JNPT),Mombasa,Kenya,Indian Ocean Rim,835.0,802.0,-4.0,"Regional lane, limited Red Sea/Cape spillover",benchmark_anchor,route-exposure-anchor-v1,calibration_fill,2026-08-04T19:54:22+00:00
Nhava Sheva (JNPT),Dar es Salaam,Tanzania,Indian Ocean Rim,886.0,851.0,-4.0,"Regional lane, limited Red Sea/Cape spillover",benchmark_anchor,route-exposure-anchor-v1,calibration_fill,2026-08-04T19:54:22+00:00
Nhava Sheva (JNPT),Colombo,Sri Lanka,Indian Ocean Rim,600.0,576.0,-4.0,"Regional lane, limited Red Sea/Cape spillover",benchmark_anchor,route-exposure-anchor-v1,calibration_fill,2026-08-04T19:54:22+00:00
Nhava Sheva (JNPT),Port Louis,Mauritius,Indian Ocean Rim,1071.0,1028.0,-4.0,"Regional lane, limited Red Sea/Cape spillover",benchmark_anchor,route-exposure-anchor-v1,calibration_fill,2026-08-04T19:54:22+00:00
Nhava Sheva (JNPT),Karachi,Pakistan,Indian Ocean Rim,659.0,633.0,-3.9,"Regional lane, limited Red Sea/Cape spillover",benchmark_anchor,route-exposure-anchor-v1,calibration_fill,2026-08-04T19:54:22+00:00
Nhava Sheva (JNPT),Los Angeles/Long Beach,USA,Pacific (US West / Oceania),6160.0,5606.0,-9.0,Trans-shipment capacity crunch keeping US West Coast elevated,benchmark_anchor,route-exposure-anchor-v1,calibration_fill,2026-08-04T19:54:22+00:00
Nhava Sheva (JNPT),Oakland,USA,Pacific (US West / Oceania),6409.0,5832.0,-9.0,Trans-shipment capacity crunch keeping US West Coast elevated,benchmark_anchor,route-exposure-anchor-v1,calibration_fill,2026-08-04T19:54:22+00:00
Nhava Sheva (JNPT),Seattle/Tacoma,USA,Pacific (US West / Oceania),5893.0,5363.0,-9.0,Trans-shipment capacity crunch keeping US West Coast elevated,benchmark_anchor,route-exposure-anchor-v1,calibration_fill,2026-08-04T19:54:22+00:00
Nhava Sheva (JNPT),Vancouver,Canada,Pacific (US West / Oceania),2687.0,2553.0,-5.0,"General freight market firmness, limited disruption exposure",benchmark_anchor,route-exposure-anchor-v1,calibration_fill,2026-08-04T19:54:22+00:00
Nhava Sheva (JNPT),Melbourne,Australia,Pacific (US West / Oceania),2314.0,2198.0,-5.0,"General freight market firmness, limited disruption exposure",benchmark_anchor,route-exposure-anchor-v1,calibration_fill,2026-08-04T19:54:22+00:00
Nhava Sheva (JNPT),Sydney,Australia,Pacific (US West / Oceania),2526.0,2400.0,-5.0,"General freight market firmness, limited disruption exposure",benchmark_anchor,route-exposure-anchor-v1,calibration_fill,2026-08-04T19:54:22+00:00
Nhava Sheva (JNPT),Auckland,New Zealand,Pacific (US West / Oceania),2431.0,2309.0,-5.0,"General freight market firmness, limited disruption exposure",benchmark_anchor,route-exposure-anchor-v1,calibration_fill,2026-08-04T19:54:22+00:00
Nhava Sheva (JNPT),Singapore,Singapore,Intra-Asia,528.0,507.0,-4.0,"Short-haul Asia lane, largely insulated from Suez risk",benchmark_anchor,route-exposure-anchor-v1,calibration_fill,2026-08-04T19:54:22+00:00
Nhava Sheva (JNPT),Port Klang,Malaysia,Intra-Asia,492.0,472.0,-4.1,"Short-haul Asia lane, largely insulated from Suez risk",benchmark_anchor,route-exposure-anchor-v1,calibration_fill,2026-08-04T19:54:22+00:00
Nhava Sheva (JNPT),Laem Chabang,Thailand,Intra-Asia,627.0,602.0,-4.0,"Short-haul Asia lane, largely insulated from Suez risk",benchmark_anchor,route-exposure-anchor-v1,calibration_fill,2026-08-04T19:54:22+00:00
Nhava Sheva (JNPT),Ho Chi Minh City (Cat Lai),Vietnam,Intra-Asia,662.0,636.0,-3.9,"Short-haul Asia lane, largely insulated from Suez risk",benchmark_anchor,route-exposure-anchor-v1,calibration_fill,2026-08-04T19:54:22+00:00
Nhava Sheva (JNPT),Shanghai,China,Intra-Asia,795.0,763.0,-4.0,"Short-haul Asia lane, largely insulated from Suez risk",benchmark_anchor,route-exposure-anchor-v1,calibration_fill,2026-08-04T19:54:22+00:00
Nhava Sheva (JNPT),Ningbo,China,Intra-Asia,893.0,857.0,-4.0,"Short-haul Asia lane, largely insulated from Suez risk",benchmark_anchor,route-exposure-anchor-v1,calibration_fill,2026-08-04T19:54:22+00:00
Nhava Sheva (JNPT),Yantian (Shenzhen),China,Intra-Asia,811.0,779.0,-3.9,"Short-haul Asia lane, largely insulated from Suez risk",benchmark_anchor,route-exposure-anchor-v1,calibration_fill,2026-08-04T19:54:22+00:00
Nhava Sheva (JNPT),Busan,South Korea,Intra-Asia,1031.0,990.0,-4.0,"Short-haul Asia lane, largely insulated from Suez risk",benchmark_anchor,route-exposure-anchor-v1,calibration_fill,2026-08-04T19:54:22+00:00
Nhava Sheva (JNPT),Yokohama,Japan,Intra-Asia,1045.0,1003.0,-4.0,"Short-haul Asia lane, largely insulated from Suez risk",benchmark_anchor,route-exposure-anchor-v1,calibration_fill,2026-08-04T19:54:22+00:00
ICD Tihi,Jebel Ali,UAE,Middle East,1158.0,1100.0,-5.0,"Short-haul Gulf lane, minimal Suez/Cape exposure",benchmark_anchor,route-exposure-anchor-v1,calibration_fill,2026-08-04T19:54:22+00:00
ICD Tihi,Dammam,Saudi Arabia,Middle East,1244.0,1182.0,-5.0,"Short-haul Gulf lane, minimal Suez/Cape exposure",benchmark_anchor,route-exposure-anchor-v1,calibration_fill,2026-08-04T19:54:22+00:00
ICD Tihi,Bandar Abbas,Iran,Middle East,1266.0,1203.0,-5.0,"Short-haul Gulf lane, minimal Suez/Cape exposure",benchmark_anchor,route-exposure-anchor-v1,calibration_fill,2026-08-04T19:54:22+00:00
ICD Tihi,Kuwait City,Kuwait,Middle East,1152.0,1094.0,-5.0,"Short-haul Gulf lane, minimal Suez/Cape exposure",benchmark_anchor,route-exposure-anchor-v1,calibration_fill,2026-08-04T19:54:22+00:00
ICD Tihi,Hamad Port (Doha),Qatar,Middle East,1130.0,1074.0,-5.0,"Short-haul Gulf lane, minimal Suez/Cape exposure",benchmark_anchor,route-exposure-anchor-v1,calibration_fill,2026-08-04T19:54:22+00:00
ICD Tihi,Sohar,Oman,Middle East,1176.0,1117.0,-5.0,"Short-haul Gulf lane, minimal Suez/Cape exposure",benchmark_anchor,route-exposure-anchor-v1,calibration_fill,2026-08-04T19:54:22+00:00
ICD Tihi,Jeddah,Saudi Arabia,Red Sea / East Africa,1545.0,1452.0,-6.0,Direct Red Sea corridor risk premium persists,benchmark_anchor,route-exposure-anchor-v1,calibration_fill,2026-08-04T19:54:22+00:00
ICD Tihi,Port Sudan,Sudan,Red Sea / East Africa,2112.0,1985.0,-6.0,Direct Red Sea corridor risk premium persists,benchmark_anchor,route-exposure-anchor-v1,calibration_fill,2026-08-04T19:54:22+00:00
ICD Tihi,Djibouti,Djibouti,Red Sea / East Africa,1918.0,1803.0,-6.0,Direct Red Sea corridor risk premium persists,benchmark_anchor,route-exposure-anchor-v1,calibration_fill,2026-08-04T19:54:22+00:00
ICD Tihi,Aqaba,Jordan,Red Sea / East Africa,1878.0,1765.0,-6.0,Direct Red Sea corridor risk premium persists,benchmark_anchor,route-exposure-anchor-v1,calibration_fill,2026-08-04T19:54:22+00:00
ICD Tihi,Suez,Egypt,Red Sea / East Africa,2095.0,1969.0,-6.0,Direct Red Sea corridor risk premium persists,benchmark_anchor,route-exposure-anchor-v1,calibration_fill,2026-08-04T19:54:22+00:00
ICD Tihi,Piraeus,Greece,Europe (Mediterranean),3869.0,3559.0,-8.0,Cape diversion adding transit cost to Europe calls,benchmark_anchor,route-exposure-anchor-v1,calibration_fill,2026-08-04T19:54:22+00:00
ICD Tihi,Genoa,Italy,Europe (Mediterranean),4087.0,3760.0,-8.0,Cape diversion adding transit cost to Europe calls,benchmark_anchor,route-exposure-anchor-v1,calibration_fill,2026-08-04T19:54:22+00:00
ICD Tihi,Barcelona,Spain,Europe (Mediterranean),4128.0,3798.0,-8.0,Cape diversion adding transit cost to Europe calls,benchmark_anchor,route-exposure-anchor-v1,calibration_fill,2026-08-04T19:54:22+00:00
ICD Tihi,Marseille,France,Europe (Mediterranean),4320.0,3974.0,-8.0,Cape diversion adding transit cost to Europe calls,benchmark_anchor,route-exposure-anchor-v1,calibration_fill,2026-08-04T19:54:22+00:00
ICD Tihi,Valencia,Spain,Europe (Mediterranean),4163.0,3830.0,-8.0,Cape diversion adding transit cost to Europe calls,benchmark_anchor,route-exposure-anchor-v1,calibration_fill,2026-08-04T19:54:22+00:00
ICD Tihi,Gioia Tauro,Italy,Europe (Mediterranean),4391.0,4040.0,-8.0,Cape diversion adding transit cost to Europe calls,benchmark_anchor,route-exposure-anchor-v1,calibration_fill,2026-08-04T19:54:22+00:00
ICD Tihi,Ambarli (Istanbul),Turkey,Europe (Mediterranean),4111.0,3782.0,-8.0,Cape diversion adding transit cost to Europe calls,benchmark_anchor,route-exposure-anchor-v1,calibration_fill,2026-08-04T19:54:22+00:00
ICD Tihi,Rotterdam,Netherlands,Europe (North),5123.0,4713.0,-8.0,Cape diversion adding transit cost to Europe calls,benchmark_anchor,route-exposure-anchor-v1,calibration_fill,2026-08-04T19:54:22+00:00
ICD Tihi,Hamburg,Germany,Europe (North),5549.0,5105.0,-8.0,Cape diversion adding transit cost to Europe calls,benchmark_anchor,route-exposure-anchor-v1,calibration_fill,2026-08-04T19:54:22+00:00
ICD Tihi,Antwerp,Belgium,Europe (North),4898.0,4506.0,-8.0,Cape diversion adding transit cost to Europe calls,benchmark_anchor,route-exposure-anchor-v1,calibration_fill,2026-08-04T19:54:22+00:00
ICD Tihi,Felixstowe,United Kingdom,Europe (North),5048.0,4644.0,-8.0,Cape diversion adding transit cost to Europe calls,benchmark_anchor,route-exposure-anchor-v1,calibration_fill,2026-08-04T19:54:22+00:00
ICD Tihi,Le Havre,France,Europe (North),5241.0,4822.0,-8.0,Cape diversion adding transit cost to Europe calls,benchmark_anchor,route-exposure-anchor-v1,calibration_fill,2026-08-04T19:54:22+00:00
ICD Tihi,New York/New Jersey,USA,US East Coast,7441.0,6697.0,-10.0,Cape diversion + Panama draft limits keep US rates elevated,benchmark_anchor,route-exposure-anchor-v1,calibration_fill,2026-08-04T19:54:22+00:00
ICD Tihi,Savannah,USA,US East Coast,7319.0,6587.0,-10.0,Cape diversion + Panama draft limits keep US rates elevated,benchmark_anchor,route-exposure-anchor-v1,calibration_fill,2026-08-04T19:54:22+00:00
ICD Tihi,Norfolk,USA,US East Coast,7767.0,6990.0,-10.0,Cape diversion + Panama draft limits keep US rates elevated,benchmark_anchor,route-exposure-anchor-v1,calibration_fill,2026-08-04T19:54:22+00:00
ICD Tihi,Charleston,USA,US East Coast,7670.0,6903.0,-10.0,Cape diversion + Panama draft limits keep US rates elevated,benchmark_anchor,route-exposure-anchor-v1,calibration_fill,2026-08-04T19:54:22+00:00
ICD Tihi,Baltimore,USA,US East Coast,8336.0,7502.0,-10.0,Cape diversion + Panama draft limits keep US rates elevated,benchmark_anchor,route-exposure-anchor-v1,calibration_fill,2026-08-04T19:54:22+00:00
ICD Tihi,Houston,USA,US Gulf / Caribbean / Latin America,8325.0,7492.0,-10.0,Cape diversion + Panama draft limits keep US rates elevated,benchmark_anchor,route-exposure-anchor-v1,calibration_fill,2026-08-04T19:54:22+00:00
ICD Tihi,New Orleans,USA,US Gulf / Caribbean / Latin America,8082.0,7274.0,-10.0,Cape diversion + Panama draft limits keep US rates elevated,benchmark_anchor,route-exposure-anchor-v1,calibration_fill,2026-08-04T19:54:22+00:00
ICD Tihi,Cartagena,Colombia,US Gulf / Caribbean / Latin America,4028.0,3786.0,-6.0,Panama transit constraints add modest premium,benchmark_anchor,route-exposure-anchor-v1,calibration_fill,2026-08-04T19:54:22+00:00
ICD Tihi,Balboa,Panama,US Gulf / Caribbean / Latin America,3758.0,3533.0,-6.0,Panama transit constraints add modest premium,benchmark_anchor,route-exposure-anchor-v1,calibration_fill,2026-08-04T19:54:22+00:00
ICD Tihi,Kingston,Jamaica,US Gulf / Caribbean / Latin America,3699.0,3477.0,-6.0,Panama transit constraints add modest premium,benchmark_anchor,route-exposure-anchor-v1,calibration_fill,2026-08-04T19:54:22+00:00
ICD Tihi,Lagos,Nigeria,Africa / South America (Cape),4019.0,3738.0,-7.0,Cape of Good Hope congestion and diversion premium,benchmark_anchor,route-exposure-anchor-v1,calibration_fill,2026-08-04T19:54:22+00:00
ICD Tihi,Tema,Ghana,Africa / South America (Cape),4272.0,3973.0,-7.0,Cape of Good Hope congestion and diversion premium,benchmark_anchor,route-exposure-anchor-v1,calibration_fill,2026-08-04T19:54:22+00:00
ICD Tihi,Durban,South Africa,Africa / South America (Cape),3429.0,3189.0,-7.0,Cape of Good Hope congestion and diversion premium,benchmark_anchor,route-exposure-anchor-v1,calibration_fill,2026-08-04T19:54:22+00:00
ICD Tihi,Cape Town,South Africa,Africa / South America (Cape),3455.0,3213.0,-7.0,Cape of Good Hope congestion and diversion premium,benchmark_anchor,route-exposure-anchor-v1,calibration_fill,2026-08-04T19:54:22+00:00
ICD Tihi,Santos,Brazil,Africa / South America (Cape),4186.0,3893.0,-7.0,Cape of Good Hope congestion and diversion premium,benchmark_anchor,route-exposure-anchor-v1,calibration_fill,2026-08-04T19:54:22+00:00
ICD Tihi,Buenos Aires,Argentina,Africa / South America (Cape),4871.0,4530.0,-7.0,Cape of Good Hope congestion and diversion premium,benchmark_anchor,route-exposure-anchor-v1,calibration_fill,2026-08-04T19:54:22+00:00
ICD Tihi,Mombasa,Kenya,Indian Ocean Rim,1035.0,994.0,-4.0,"Regional lane, limited Red Sea/Cape spillover",benchmark_anchor,route-exposure-anchor-v1,calibration_fill,2026-08-04T19:54:22+00:00
ICD Tihi,Dar es Salaam,Tanzania,Indian Ocean Rim,1085.0,1042.0,-4.0,"Regional lane, limited Red Sea/Cape spillover",benchmark_anchor,route-exposure-anchor-v1,calibration_fill,2026-08-04T19:54:22+00:00
ICD Tihi,Colombo,Sri Lanka,Indian Ocean Rim,800.0,768.0,-4.0,"Regional lane, limited Red Sea/Cape spillover",benchmark_anchor,route-exposure-anchor-v1,calibration_fill,2026-08-04T19:54:22+00:00
ICD Tihi,Port Louis,Mauritius,Indian Ocean Rim,1271.0,1220.0,-4.0,"Regional lane, limited Red Sea/Cape spillover",benchmark_anchor,route-exposure-anchor-v1,calibration_fill,2026-08-04T19:54:22+00:00
ICD Tihi,Karachi,Pakistan,Indian Ocean Rim,859.0,825.0,-4.0,"Regional lane, limited Red Sea/Cape spillover",benchmark_anchor,route-exposure-anchor-v1,calibration_fill,2026-08-04T19:54:22+00:00
ICD Tihi,Los Angeles/Long Beach,USA,Pacific (US West / Oceania),6696.0,6093.0,-9.0,Trans-shipment capacity crunch keeping US West Coast elevated,benchmark_anchor,route-exposure-anchor-v1,calibration_fill,2026-08-04T19:54:22+00:00
ICD Tihi,Oakland,USA,Pacific (US West / Oceania),6946.0,6321.0,-9.0,Trans-shipment capacity crunch keeping US West Coast elevated,benchmark_anchor,route-exposure-anchor-v1,calibration_fill,2026-08-04T19:54:22+00:00
ICD Tihi,Seattle/Tacoma,USA,Pacific (US West / Oceania),6429.0,5850.0,-9.0,Trans-shipment capacity crunch keeping US West Coast elevated,benchmark_anchor,route-exposure-anchor-v1,calibration_fill,2026-08-04T19:54:22+00:00
ICD Tihi,Vancouver,Canada,Pacific (US West / Oceania),2909.0,2764.0,-5.0,"General freight market firmness, limited disruption exposure",benchmark_anchor,route-exposure-anchor-v1,calibration_fill,2026-08-04T19:54:22+00:00
ICD Tihi,Melbourne,Australia,Pacific (US West / Oceania),2536.0,2409.0,-5.0,"General freight market firmness, limited disruption exposure",benchmark_anchor,route-exposure-anchor-v1,calibration_fill,2026-08-04T19:54:22+00:00
ICD Tihi,Sydney,Australia,Pacific (US West / Oceania),2748.0,2611.0,-5.0,"General freight market firmness, limited disruption exposure",benchmark_anchor,route-exposure-anchor-v1,calibration_fill,2026-08-04T19:54:22+00:00
ICD Tihi,Auckland,New Zealand,Pacific (US West / Oceania),2653.0,2520.0,-5.0,"General freight market firmness, limited disruption exposure",benchmark_anchor,route-exposure-anchor-v1,calibration_fill,2026-08-04T19:54:22+00:00
ICD Tihi,Singapore,Singapore,Intra-Asia,732.0,703.0,-4.0,"Short-haul Asia lane, largely insulated from Suez risk",benchmark_anchor,route-exposure-anchor-v1,calibration_fill,2026-08-04T19:54:22+00:00
ICD Tihi,Port Klang,Malaysia,Intra-Asia,695.0,667.0,-4.0,"Short-haul Asia lane, largely insulated from Suez risk",benchmark_anchor,route-exposure-anchor-v1,calibration_fill,2026-08-04T19:54:22+00:00
ICD Tihi,Laem Chabang,Thailand,Intra-Asia,831.0,798.0,-4.0,"Short-haul Asia lane, largely insulated from Suez risk",benchmark_anchor,route-exposure-anchor-v1,calibration_fill,2026-08-04T19:54:22+00:00
ICD Tihi,Ho Chi Minh City (Cat Lai),Vietnam,Intra-Asia,866.0,831.0,-4.0,"Short-haul Asia lane, largely insulated from Suez risk",benchmark_anchor,route-exposure-anchor-v1,calibration_fill,2026-08-04T19:54:22+00:00
ICD Tihi,Shanghai,China,Intra-Asia,999.0,959.0,-4.0,"Short-haul Asia lane, largely insulated from Suez risk",benchmark_anchor,route-exposure-anchor-v1,calibration_fill,2026-08-04T19:54:22+00:00
ICD Tihi,Ningbo,China,Intra-Asia,1097.0,1053.0,-4.0,"Short-haul Asia lane, largely insulated from Suez risk",benchmark_anchor,route-exposure-anchor-v1,calibration_fill,2026-08-04T19:54:22+00:00
ICD Tihi,Yantian (Shenzhen),China,Intra-Asia,1014.0,973.0,-4.0,"Short-haul Asia lane, largely insulated from Suez risk",benchmark_anchor,route-exposure-anchor-v1,calibration_fill,2026-08-04T19:54:22+00:00
ICD Tihi,Busan,South Korea,Intra-Asia,1234.0,1185.0,-4.0,"Short-haul Asia lane, largely insulated from Suez risk",benchmark_anchor,route-exposure-anchor-v1,calibration_fill,2026-08-04T19:54:22+00:00
ICD Tihi,Yokohama,Japan,Intra-Asia,1248.0,1198.0,-4.0,"Short-haul Asia lane, largely insulated from Suez risk",benchmark_anchor,route-exposure-anchor-v1,calibration_fill,2026-08-04T19:54:22+00:00
ICD Dhannad,Jebel Ali,UAE,Middle East,1323.0,1257.0,-5.0,"Short-haul Gulf lane, minimal Suez/Cape exposure",benchmark_anchor,route-exposure-anchor-v1,calibration_fill,2026-08-04T19:54:22+00:00
ICD Dhannad,Dammam,Saudi Arabia,Middle East,1409.0,1339.0,-5.0,"Short-haul Gulf lane, minimal Suez/Cape exposure",benchmark_anchor,route-exposure-anchor-v1,calibration_fill,2026-08-04T19:54:22+00:00
ICD Dhannad,Bandar Abbas,Iran,Middle East,1431.0,1359.0,-5.0,"Short-haul Gulf lane, minimal Suez/Cape exposure",benchmark_anchor,route-exposure-anchor-v1,calibration_fill,2026-08-04T19:54:22+00:00
ICD Dhannad,Kuwait City,Kuwait,Middle East,1317.0,1251.0,-5.0,"Short-haul Gulf lane, minimal Suez/Cape exposure",benchmark_anchor,route-exposure-anchor-v1,calibration_fill,2026-08-04T19:54:22+00:00
ICD Dhannad,Hamad Port (Doha),Qatar,Middle East,1295.0,1230.0,-5.0,"Short-haul Gulf lane, minimal Suez/Cape exposure",benchmark_anchor,route-exposure-anchor-v1,calibration_fill,2026-08-04T19:54:22+00:00
ICD Dhannad,Sohar,Oman,Middle East,1341.0,1274.0,-5.0,"Short-haul Gulf lane, minimal Suez/Cape exposure",benchmark_anchor,route-exposure-anchor-v1,calibration_fill,2026-08-04T19:54:22+00:00
ICD Dhannad,Jeddah,Saudi Arabia,Red Sea / East Africa,1732.0,1628.0,-6.0,Direct Red Sea corridor risk premium persists,benchmark_anchor,route-exposure-anchor-v1,calibration_fill,2026-08-04T19:54:22+00:00
ICD Dhannad,Port Sudan,Sudan,Red Sea / East Africa,2300.0,2162.0,-6.0,Direct Red Sea corridor risk premium persists,benchmark_anchor,route-exposure-anchor-v1,calibration_fill,2026-08-04T19:54:22+00:00
ICD Dhannad,Djibouti,Djibouti,Red Sea / East Africa,2105.0,1979.0,-6.0,Direct Red Sea corridor risk premium persists,benchmark_anchor,route-exposure-anchor-v1,calibration_fill,2026-08-04T19:54:22+00:00
ICD Dhannad,Aqaba,Jordan,Red Sea / East Africa,2065.0,1941.0,-6.0,Direct Red Sea corridor risk premium persists,benchmark_anchor,route-exposure-anchor-v1,calibration_fill,2026-08-04T19:54:22+00:00
ICD Dhannad,Suez,Egypt,Red Sea / East Africa,2282.0,2145.0,-6.0,Direct Red Sea corridor risk premium persists,benchmark_anchor,route-exposure-anchor-v1,calibration_fill,2026-08-04T19:54:22+00:00
ICD Dhannad,Piraeus,Greece,Europe (Mediterranean),4101.0,3773.0,-8.0,Cape diversion adding transit cost to Europe calls,benchmark_anchor,route-exposure-anchor-v1,calibration_fill,2026-08-04T19:54:22+00:00
ICD Dhannad,Genoa,Italy,Europe (Mediterranean),4320.0,3974.0,-8.0,Cape diversion adding transit cost to Europe calls,benchmark_anchor,route-exposure-anchor-v1,calibration_fill,2026-08-04T19:54:22+00:00
ICD Dhannad,Barcelona,Spain,Europe (Mediterranean),4360.0,4011.0,-8.0,Cape diversion adding transit cost to Europe calls,benchmark_anchor,route-exposure-anchor-v1,calibration_fill,2026-08-04T19:54:22+00:00
ICD Dhannad,Marseille,France,Europe (Mediterranean),4552.0,4188.0,-8.0,Cape diversion adding transit cost to Europe calls,benchmark_anchor,route-exposure-anchor-v1,calibration_fill,2026-08-04T19:54:22+00:00
ICD Dhannad,Valencia,Spain,Europe (Mediterranean),4396.0,4044.0,-8.0,Cape diversion adding transit cost to Europe calls,benchmark_anchor,route-exposure-anchor-v1,calibration_fill,2026-08-04T19:54:22+00:00
ICD Dhannad,Gioia Tauro,Italy,Europe (Mediterranean),4624.0,4254.0,-8.0,Cape diversion adding transit cost to Europe calls,benchmark_anchor,route-exposure-anchor-v1,calibration_fill,2026-08-04T19:54:22+00:00
ICD Dhannad,Ambarli (Istanbul),Turkey,Europe (Mediterranean),4343.0,3996.0,-8.0,Cape diversion adding transit cost to Europe calls,benchmark_anchor,route-exposure-anchor-v1,calibration_fill,2026-08-04T19:54:22+00:00
ICD Dhannad,Rotterdam,Netherlands,Europe (North),5355.0,4927.0,-8.0,Cape diversion adding transit cost to Europe calls,benchmark_anchor,route-exposure-anchor-v1,calibration_fill,2026-08-04T19:54:22+00:00
ICD Dhannad,Hamburg,Germany,Europe (North),5782.0,5319.0,-8.0,Cape diversion adding transit cost to Europe calls,benchmark_anchor,route-exposure-anchor-v1,calibration_fill,2026-08-04T19:54:22+00:00
ICD Dhannad,Antwerp,Belgium,Europe (North),5130.0,4720.0,-8.0,Cape diversion adding transit cost to Europe calls,benchmark_anchor,route-exposure-anchor-v1,calibration_fill,2026-08-04T19:54:22+00:00
ICD Dhannad,Felixstowe,United Kingdom,Europe (North),5281.0,4859.0,-8.0,Cape diversion adding transit cost to Europe calls,benchmark_anchor,route-exposure-anchor-v1,calibration_fill,2026-08-04T19:54:22+00:00
ICD Dhannad,Le Havre,France,Europe (North),5473.0,5035.0,-8.0,Cape diversion adding transit cost to Europe calls,benchmark_anchor,route-exposure-anchor-v1,calibration_fill,2026-08-04T19:54:22+00:00
ICD Dhannad,New York/New Jersey,USA,US East Coast,7778.0,7000.0,-10.0,Cape diversion + Panama draft limits keep US rates elevated,benchmark_anchor,route-exposure-anchor-v1,calibration_fill,2026-08-04T19:54:22+00:00
ICD Dhannad,Savannah,USA,US East Coast,7657.0,6891.0,-10.0,Cape diversion + Panama draft limits keep US rates elevated,benchmark_anchor,route-exposure-anchor-v1,calibration_fill,2026-08-04T19:54:22+00:00
ICD Dhannad,Norfolk,USA,US East Coast,8104.0,7294.0,-10.0,Cape diversion + Panama draft limits keep US rates elevated,benchmark_anchor,route-exposure-anchor-v1,calibration_fill,2026-08-04T19:54:22+00:00
ICD Dhannad,Charleston,USA,US East Coast,8008.0,7207.0,-10.0,Cape diversion + Panama draft limits keep US rates elevated,benchmark_anchor,route-exposure-anchor-v1,calibration_fill,2026-08-04T19:54:22+00:00
ICD Dhannad,Baltimore,USA,US East Coast,8674.0,7807.0,-10.0,Cape diversion + Panama draft limits keep US rates elevated,benchmark_anchor,route-exposure-anchor-v1,calibration_fill,2026-08-04T19:54:22+00:00
ICD Dhannad,Houston,USA,US Gulf / Caribbean / Latin America,8662.0,7796.0,-10.0,Cape diversion + Panama draft limits keep US rates elevated,benchmark_anchor,route-exposure-anchor-v1,calibration_fill,2026-08-04T19:54:22+00:00
ICD Dhannad,New Orleans,USA,US Gulf / Caribbean / Latin America,8420.0,7578.0,-10.0,Cape diversion + Panama draft limits keep US rates elevated,benchmark_anchor,route-exposure-anchor-v1,calibration_fill,2026-08-04T19:54:22+00:00
ICD Dhannad,Cartagena,Colombia,US Gulf / Caribbean / Latin America,4231.0,3977.0,-6.0,Panama transit constraints add modest premium,benchmark_anchor,route-exposure-anchor-v1,calibration_fill,2026-08-04T19:54:22+00:00
ICD Dhannad,Balboa,Panama,US Gulf / Caribbean / Latin America,3961.0,3723.0,-6.0,Panama transit constraints add modest premium,benchmark_anchor,route-exposure-anchor-v1,calibration_fill,2026-08-04T19:54:22+00:00
ICD Dhannad,Kingston,Jamaica,US Gulf / Caribbean / Latin America,3902.0,3668.0,-6.0,Panama transit constraints add modest premium,benchmark_anchor,route-exposure-anchor-v1,calibration_fill,2026-08-04T19:54:22+00:00
ICD Dhannad,Lagos,Nigeria,Africa / South America (Cape),4237.0,3940.0,-7.0,Cape of Good Hope congestion and diversion premium,benchmark_anchor,route-exposure-anchor-v1,calibration_fill,2026-08-04T19:54:22+00:00
ICD Dhannad,Tema,Ghana,Africa / South America (Cape),4489.0,4175.0,-7.0,Cape of Good Hope congestion and diversion premium,benchmark_anchor,route-exposure-anchor-v1,calibration_fill,2026-08-04T19:54:22+00:00
ICD Dhannad,Durban,South Africa,Africa / South America (Cape),3647.0,3392.0,-7.0,Cape of Good Hope congestion and diversion premium,benchmark_anchor,route-exposure-anchor-v1,calibration_fill,2026-08-04T19:54:22+00:00
ICD Dhannad,Cape Town,South Africa,Africa / South America (Cape),3673.0,3416.0,-7.0,Cape of Good Hope congestion and diversion premium,benchmark_anchor,route-exposure-anchor-v1,calibration_fill,2026-08-04T19:54:22+00:00
ICD Dhannad,Santos,Brazil,Africa / South America (Cape),4404.0,4096.0,-7.0,Cape of Good Hope congestion and diversion premium,benchmark_anchor,route-exposure-anchor-v1,calibration_fill,2026-08-04T19:54:22+00:00
ICD Dhannad,Buenos Aires,Argentina,Africa / South America (Cape),5088.0,4732.0,-7.0,Cape of Good Hope congestion and diversion premium,benchmark_anchor,route-exposure-anchor-v1,calibration_fill,2026-08-04T19:54:22+00:00
ICD Dhannad,Mombasa,Kenya,Indian Ocean Rim,1197.0,1149.0,-4.0,"Regional lane, limited Red Sea/Cape spillover",benchmark_anchor,route-exposure-anchor-v1,calibration_fill,2026-08-04T19:54:22+00:00
ICD Dhannad,Dar es Salaam,Tanzania,Indian Ocean Rim,1247.0,1197.0,-4.0,"Regional lane, limited Red Sea/Cape spillover",benchmark_anchor,route-exposure-anchor-v1,calibration_fill,2026-08-04T19:54:22+00:00
ICD Dhannad,Colombo,Sri Lanka,Indian Ocean Rim,962.0,924.0,-4.0,"Regional lane, limited Red Sea/Cape spillover",benchmark_anchor,route-exposure-anchor-v1,calibration_fill,2026-08-04T19:54:22+00:00
ICD Dhannad,Port Louis,Mauritius,Indian Ocean Rim,1433.0,1376.0,-4.0,"Regional lane, limited Red Sea/Cape spillover",benchmark_anchor,route-exposure-anchor-v1,calibration_fill,2026-08-04T19:54:22+00:00
ICD Dhannad,Karachi,Pakistan,Indian Ocean Rim,1021.0,980.0,-4.0,"Regional lane, limited Red Sea/Cape spillover",benchmark_anchor,route-exposure-anchor-v1,calibration_fill,2026-08-04T19:54:22+00:00
ICD Dhannad,Los Angeles/Long Beach,USA,Pacific (US West / Oceania),7131.0,6489.0,-9.0,Trans-shipment capacity crunch keeping US West Coast elevated,benchmark_anchor,route-exposure-anchor-v1,calibration_fill,2026-08-04T19:54:22+00:00
ICD Dhannad,Oakland,USA,Pacific (US West / Oceania),7380.0,6716.0,-9.0,Trans-shipment capacity crunch keeping US West Coast elevated,benchmark_anchor,route-exposure-anchor-v1,calibration_fill,2026-08-04T19:54:22+00:00
ICD Dhannad,Seattle/Tacoma,USA,Pacific (US West / Oceania),6864.0,6246.0,-9.0,Trans-shipment capacity crunch keeping US West Coast elevated,benchmark_anchor,route-exposure-anchor-v1,calibration_fill,2026-08-04T19:54:22+00:00
ICD Dhannad,Vancouver,Canada,Pacific (US West / Oceania),3089.0,2935.0,-5.0,"General freight market firmness, limited disruption exposure",benchmark_anchor,route-exposure-anchor-v1,calibration_fill,2026-08-04T19:54:22+00:00
ICD Dhannad,Melbourne,Australia,Pacific (US West / Oceania),2716.0,2580.0,-5.0,"General freight market firmness, limited disruption exposure",benchmark_anchor,route-exposure-anchor-v1,calibration_fill,2026-08-04T19:54:22+00:00
ICD Dhannad,Sydney,Australia,Pacific (US West / Oceania),2928.0,2782.0,-5.0,"General freight market firmness, limited disruption exposure",benchmark_anchor,route-exposure-anchor-v1,calibration_fill,2026-08-04T19:54:22+00:00
ICD Dhannad,Auckland,New Zealand,Pacific (US West / Oceania),2833.0,2691.0,-5.0,"General freight market firmness, limited disruption exposure",benchmark_anchor,route-exposure-anchor-v1,calibration_fill,2026-08-04T19:54:22+00:00
ICD Dhannad,Singapore,Singapore,Intra-Asia,897.0,861.0,-4.0,"Short-haul Asia lane, largely insulated from Suez risk",benchmark_anchor,route-exposure-anchor-v1,calibration_fill,2026-08-04T19:54:22+00:00
ICD Dhannad,Port Klang,Malaysia,Intra-Asia,860.0,826.0,-4.0,"Short-haul Asia lane, largely insulated from Suez risk",benchmark_anchor,route-exposure-anchor-v1,calibration_fill,2026-08-04T19:54:22+00:00
ICD Dhannad,Laem Chabang,Thailand,Intra-Asia,996.0,956.0,-4.0,"Short-haul Asia lane, largely insulated from Suez risk",benchmark_anchor,route-exposure-anchor-v1,calibration_fill,2026-08-04T19:54:22+00:00
ICD Dhannad,Ho Chi Minh City (Cat Lai),Vietnam,Intra-Asia,1031.0,990.0,-4.0,"Short-haul Asia lane, largely insulated from Suez risk",benchmark_anchor,route-exposure-anchor-v1,calibration_fill,2026-08-04T19:54:22+00:00
ICD Dhannad,Shanghai,China,Intra-Asia,1164.0,1117.0,-4.0,"Short-haul Asia lane, largely insulated from Suez risk",benchmark_anchor,route-exposure-anchor-v1,calibration_fill,2026-08-04T19:54:22+00:00
ICD Dhannad,Ningbo,China,Intra-Asia,1262.0,1212.0,-4.0,"Short-haul Asia lane, largely insulated from Suez risk",benchmark_anchor,route-exposure-anchor-v1,calibration_fill,2026-08-04T19:54:22+00:00
ICD Dhannad,Yantian (Shenzhen),China,Intra-Asia,1179.0,1132.0,-4.0,"Short-haul Asia lane, largely insulated from Suez risk",benchmark_anchor,route-exposure-anchor-v1,calibration_fill,2026-08-04T19:54:22+00:00
ICD Dhannad,Busan,South Korea,Intra-Asia,1399.0,1343.0,-4.0,"Short-haul Asia lane, largely insulated from Suez risk",benchmark_anchor,route-exposure-anchor-v1,calibration_fill,2026-08-04T19:54:22+00:00
ICD Dhannad,Yokohama,Japan,Intra-Asia,1414.0,1357.0,-4.0,"Short-haul Asia lane, largely insulated from Suez risk",benchmark_anchor,route-exposure-anchor-v1,calibration_fill,2026-08-04T19:54:22+00:00
