origin,destination,region,route_exposure,cluster,month,horizon,current_rate_usd_feu,forecast_rate_usd_feu,pct_change,regional_pct_change,lane_premium_pct_change,seasonal_pct_change,low_rate_usd_feu,high_rate_usd_feu
Nhava Sheva (JNPT),Jebel Ali,Middle East,hormuz,6,2026-08,1,868.0,904.0,4.1,4.1,-0.0,0.0,701.0,1003.0
Nhava Sheva (JNPT),Dammam,Middle East,hormuz,6,2026-08,1,946.0,985.0,4.1,4.1,-0.0,0.0,764.0,1093.0
Nhava Sheva (JNPT),Bandar Abbas,Middle East,hormuz,6,2026-08,1,966.0,1006.0,4.2,4.1,0.0,0.0,777.0,1119.0
Nhava Sheva (JNPT),Kuwait City,Middle East,hormuz,6,2026-08,1,862.0,897.0,4.1,4.1,-0.0,0.0,695.0,997.0
Nhava Sheva (JNPT),Hamad Port (Doha),Middle East,hormuz,6,2026-08,1,842.0,877.0,4.2,4.1,0.1,0.0,675.0,977.0
Nhava Sheva (JNPT),Sohar,Middle East,hormuz,6,2026-08,1,884.0,920.0,4.1,4.1,-0.0,0.0,713.0,1023.0
Nhava Sheva (JNPT),Jeddah,Red Sea / East Africa,red_sea,0,2026-08,1,1051.0,1094.0,4.1,4.1,0.0,0.0,848.0,1215.0
Nhava Sheva (JNPT),Port Sudan,Red Sea / East Africa,red_sea,0,2026-08,1,1505.0,1565.0,4.0,4.1,-0.1,0.0,1222.0,1734.0
Nhava Sheva (JNPT),Djibouti,Red Sea / East Africa,red_sea,0,2026-08,1,1349.0,1404.0,4.1,4.1,-0.0,0.0,1091.0,1558.0
Nhava Sheva (JNPT),Aqaba,Red Sea / East Africa,red_sea,0,2026-08,1,1317.0,1371.0,4.1,4.1,0.0,0.0,1063.0,1522.0
Nhava Sheva (JNPT),Suez,Red Sea / East Africa,red_sea,0,2026-08,1,1491.0,1552.0,4.1,4.1,0.0,0.0,1203.0,1724.0
Nhava Sheva (JNPT),Piraeus,Europe (Mediterranean),suez,2,2026-08,1,2311.0,2399.0,3.8,3.9,-0.1,0.0,1897.0,2646.0
Nhava Sheva (JNPT),Genoa,Europe (Mediterranean),suez,2,2026-08,1,2452.0,2547.0,3.9,3.9,0.0,0.0,2005.0,2814.0
Nhava Sheva (JNPT),Barcelona,Europe (Mediterranean),suez,2,2026-08,1,2478.0,2575.0,3.9,3.9,0.0,0.0,2020.0,2848.0
Nhava Sheva (JNPT),Marseille,Europe (Mediterranean),suez,2,2026-08,1,2602.0,2705.0,4.0,3.9,0.1,0.0,2117.0,2995.0
Nhava Sheva (JNPT),Valencia,Europe (Mediterranean),suez,2,2026-08,1,2501.0,2597.0,3.8,3.9,-0.0,0.0,2049.0,2867.0
Nhava Sheva (JNPT),Gioia Tauro,Europe (Mediterranean),suez,2,2026-08,1,2648.0,2753.0,4.0,3.9,0.1,0.0,2154.0,3048.0
Nhava Sheva (JNPT),Ambarli (Istanbul),Europe (Mediterranean),suez,2,2026-08,1,2467.0,2560.0,3.8,3.9,-0.1,0.0,2031.0,2820.0
Nhava Sheva (JNPT),Rotterdam,Europe (North),suez,2,2026-08,1,3120.0,3240.0,3.8,3.9,-0.0,0.0,2556.0,3576.0
Nhava Sheva (JNPT),Hamburg,Europe (North),suez,2,2026-08,1,3395.0,3531.0,4.0,3.9,0.1,0.0,2754.0,3914.0
Nhava Sheva (JNPT),Antwerp,Europe (North),suez,2,2026-08,1,2975.0,3092.0,3.9,3.9,0.1,0.0,2424.0,3421.0
Nhava Sheva (JNPT),Felixstowe,Europe (North),suez,2,2026-08,1,3072.0,3193.0,3.9,3.9,0.0,0.0,2505.0,3531.0
Nhava Sheva (JNPT),Le Havre,Europe (North),suez,2,2026-08,1,3196.0,3320.0,3.9,3.9,0.0,0.0,2613.0,3668.0
Nhava Sheva (JNPT),New York/New Jersey,US East Coast,suez_panama,3,2026-08,1,3122.0,3197.0,2.4,2.4,0.0,0.0,2768.0,3409.0
Nhava Sheva (JNPT),Savannah,US East Coast,suez_panama,3,2026-08,1,3068.0,3141.0,2.4,2.4,-0.0,0.0,2723.0,3347.0
Nhava Sheva (JNPT),Norfolk,US East Coast,suez_panama,3,2026-08,1,3267.0,3339.0,2.2,2.4,-0.2,0.0,2930.0,3540.0
Nhava Sheva (JNPT),Charleston,US East Coast,suez_panama,3,2026-08,1,3224.0,3307.0,2.6,2.4,0.2,0.0,2833.0,3541.0
Nhava Sheva (JNPT),Baltimore,US East Coast,suez_panama,3,2026-08,1,3520.0,3608.0,2.5,2.4,0.1,0.0,3107.0,3855.0
Nhava Sheva (JNPT),Houston,US Gulf / Caribbean / Latin America,panama,5,2026-08,1,3515.0,3591.0,2.2,2.2,0.0,0.0,3158.0,3804.0
Nhava Sheva (JNPT),New Orleans,US Gulf / Caribbean / Latin America,panama,5,2026-08,1,3407.0,3482.0,2.2,2.2,0.0,0.0,3055.0,3692.0
Nhava Sheva (JNPT),Cartagena,US Gulf / Caribbean / Latin America,panama,5,2026-08,1,2799.0,2859.0,2.1,2.2,-0.0,0.0,2517.0,3028.0
Nhava Sheva (JNPT),Balboa,US Gulf / Caribbean / Latin America,panama,5,2026-08,1,2599.0,2659.0,2.3,2.2,0.2,0.0,2316.0,2828.0
Nhava Sheva (JNPT),Kingston,US Gulf / Caribbean / Latin America,panama,5,2026-08,1,2555.0,2610.0,2.2,2.2,0.0,0.0,2296.0,2765.0
Nhava Sheva (JNPT),Lagos,Africa / South America (Cape),cape_route,4,2026-08,1,2587.0,2615.0,1.1,1.1,-0.1,0.0,2456.0,2693.0
Nhava Sheva (JNPT),Tema,Africa / South America (Cape),cape_route,4,2026-08,1,2761.0,2790.0,1.0,1.1,-0.1,0.0,2626.0,2871.0
Nhava Sheva (JNPT),Durban,Africa / South America (Cape),cape_route,4,2026-08,1,2180.0,2206.0,1.2,1.1,0.0,0.0,2058.0,2279.0
Nhava Sheva (JNPT),Cape Town,Africa / South America (Cape),cape_route,4,2026-08,1,2198.0,2226.0,1.3,1.1,0.1,0.0,2065.0,2306.0
Nhava Sheva (JNPT),Santos,Africa / South America (Cape),cape_route,4,2026-08,1,2702.0,2736.0,1.2,1.1,0.1,0.0,2543.0,2830.0
Nhava Sheva (JNPT),Buenos Aires,Africa / South America (Cape),cape_route,4,2026-08,1,3174.0,3204.0,0.9,1.1,-0.2,0.0,3035.0,3287.0
Nhava Sheva (JNPT),Mombasa,Indian Ocean Rim,indian_ocean,1,2026-08,1,773.0,786.0,1.6,1.4,-0.1,0.3,727.0,815.0
Nhava Sheva (JNPT),Dar es Salaam,Indian Ocean Rim,indian_ocean,1,2026-08,1,820.0,833.0,1.6,1.4,-0.1,0.3,772.0,864.0
Nhava Sheva (JNPT),Colombo,Indian Ocean Rim,indian_ocean,1,2026-08,1,556.0,565.0,1.6,1.4,-0.1,0.3,524.0,585.0
Nhava Sheva (JNPT),Port Louis,Indian Ocean Rim,indian_ocean,1,2026-08,1,992.0,1009.0,1.7,1.4,0.0,0.3,929.0,1049.0
Nhava Sheva (JNPT),Karachi,Indian Ocean Rim,indian_ocean,1,2026-08,1,610.0,621.0,1.9,1.4,0.2,0.3,567.0,648.0
Nhava Sheva (JNPT),Los Angeles/Long Beach,Pacific (US West / Oceania),pacific,3,2026-08,1,2124.0,2148.0,1.1,1.1,-0.0,0.0,2011.0,2215.0
Nhava Sheva (JNPT),Oakland,Pacific (US West / Oceania),pacific,3,2026-08,1,2210.0,2234.0,1.1,1.1,-0.0,0.0,2097.0,2302.0
Nhava Sheva (JNPT),Seattle/Tacoma,Pacific (US West / Oceania),pacific,3,2026-08,1,2032.0,2054.0,1.1,1.1,-0.1,0.0,1930.0,2115.0
Nhava Sheva (JNPT),Vancouver,Pacific (US West / Oceania),pacific,3,2026-08,1,2239.0,2266.0,1.2,1.1,0.1,0.0,2110.0,2343.0
Nhava Sheva (JNPT),Melbourne,Pacific (US West / Oceania),pacific,3,2026-08,1,1928.0,1949.0,1.1,1.1,-0.0,0.0,1829.0,2008.0
Nhava Sheva (JNPT),Sydney,Pacific (US West / Oceania),pacific,3,2026-08,1,2105.0,2127.0,1.0,1.1,-0.1,0.0,2002.0,2189.0
Nhava Sheva (JNPT),Auckland,Pacific (US West / Oceania),pacific,3,2026-08,1,2026.0,2046.0,1.0,1.1,-0.2,0.0,1934.0,2101.0
Nhava Sheva (JNPT),Singapore,Intra-Asia,intra_asia,1,2026-08,1,480.0,485.0,1.0,0.9,0.1,0.0,458.0,497.0
Nhava Sheva (JNPT),Port Klang,Intra-Asia,intra_asia,1,2026-08,1,447.0,451.0,0.8,0.9,-0.0,0.0,429.0,461.0
Nhava Sheva (JNPT),Laem Chabang,Intra-Asia,intra_asia,1,2026-08,1,570.0,573.0,0.6,0.9,-0.3,0.0,555.0,582.0
Nhava Sheva (JNPT),Ho Chi Minh City (Cat Lai),Intra-Asia,intra_asia,1,2026-08,1,602.0,608.0,1.0,0.9,0.1,0.0,575.0,624.0
Nhava Sheva (JNPT),Shanghai,Intra-Asia,intra_asia,1,2026-08,1,723.0,730.0,0.9,0.9,0.0,0.0,692.0,748.0
Nhava Sheva (JNPT),Ningbo,Intra-Asia,intra_asia,1,2026-08,1,812.0,817.0,0.6,0.9,-0.3,0.0,789.0,830.0
Nhava Sheva (JNPT),Yantian (Shenzhen),Intra-Asia,intra_asia,1,2026-08,1,737.0,743.0,0.8,0.9,-0.0,0.0,708.0,760.0
Nhava Sheva (JNPT),Busan,Intra-Asia,intra_asia,1,2026-08,1,937.0,944.0,0.7,0.9,-0.2,0.0,905.0,963.0
Nhava Sheva (JNPT),Yokohama,Intra-Asia,intra_asia,1,2026-08,1,950.0,958.0,0.8,0.9,-0.1,0.0,914.0,979.0
ICD Tihi,Jebel Ali,Middle East,hormuz,6,2026-08,1,1053.0,1096.0,4.1,4.1,0.0,0.0,848.0,1219.0
ICD Tihi,Dammam,Middle East,hormuz,6,2026-08,1,1131.0,1177.0,4.1,4.1,-0.0,0.0,912.0,1308.0
ICD Tihi,Bandar Abbas,Middle East,hormuz,6,2026-08,1,1151.0,1199.0,4.1,4.1,0.0,0.0,927.0,1333.0
ICD Tihi,Kuwait City,Middle East,hormuz,6,2026-08,1,1047.0,1090.0,4.1,4.1,0.0,0.0,843.0,1212.0
ICD Tihi,Hamad Port (Doha),Middle East,hormuz,6,2026-08,1,1027.0,1070.0,4.2,4.1,0.0,0.0,826.0,1190.0
ICD Tihi,Sohar,Middle East,hormuz,6,2026-08,1,1069.0,1114.0,4.2,4.1,0.1,0.0,857.0,1241.0
ICD Tihi,Jeddah,Red Sea / East Africa,red_sea,0,2026-08,1,1236.0,1287.0,4.1,4.1,0.0,0.0,997.0,1429.0
ICD Tihi,Port Sudan,Red Sea / East Africa,red_sea,0,2026-08,1,1690.0,1758.0,4.0,4.1,-0.1,0.0,1370.0,1949.0
ICD Tihi,Djibouti,Red Sea / East Africa,red_sea,0,2026-08,1,1534.0,1597.0,4.1,4.1,0.0,0.0,1236.0,1775.0
ICD Tihi,Aqaba,Red Sea / East Africa,red_sea,0,2026-08,1,1502.0,1564.0,4.1,4.1,0.0,0.0,1211.0,1738.0
ICD Tihi,Suez,Red Sea / East Africa,red_sea,0,2026-08,1,1676.0,1745.0,4.1,4.1,0.0,0.0,1353.0,1937.0
ICD Tihi,Piraeus,Europe (Mediterranean),suez,2,2026-08,1,2496.0,2592.0,3.8,3.9,-0.0,0.0,2044.0,2862.0
ICD Tihi,Genoa,Europe (Mediterranean),suez,2,2026-08,1,2637.0,2736.0,3.8,3.9,-0.1,0.0,2171.0,3014.0
ICD Tihi,Barcelona,Europe (Mediterranean),suez,2,2026-08,1,2663.0,2768.0,3.9,3.9,0.1,0.0,2170.0,3062.0
ICD Tihi,Marseille,Europe (Mediterranean),suez,2,2026-08,1,2787.0,2897.0,3.9,3.9,0.1,0.0,2269.0,3206.0
ICD Tihi,Valencia,Europe (Mediterranean),suez,2,2026-08,1,2686.0,2790.0,3.9,3.9,0.0,0.0,2196.0,3083.0
ICD Tihi,Gioia Tauro,Europe (Mediterranean),suez,2,2026-08,1,2833.0,2942.0,3.8,3.9,-0.0,0.0,2321.0,3247.0
ICD Tihi,Ambarli (Istanbul),Europe (Mediterranean),suez,2,2026-08,1,2652.0,2757.0,4.0,3.9,0.1,0.0,2156.0,3053.0
ICD Tihi,Rotterdam,Europe (North),suez,2,2026-08,1,3305.0,3431.0,3.8,3.9,-0.0,0.0,2710.0,3787.0
ICD Tihi,Hamburg,Europe (North),suez,2,2026-08,1,3580.0,3720.0,3.9,3.9,0.0,0.0,2921.0,4114.0
ICD Tihi,Antwerp,Europe (North),suez,2,2026-08,1,3160.0,3289.0,4.1,3.9,0.2,0.0,2551.0,3653.0
ICD Tihi,Felixstowe,Europe (North),suez,2,2026-08,1,3257.0,3384.0,3.9,3.9,0.0,0.0,2659.0,3741.0
ICD Tihi,Le Havre,Europe (North),suez,2,2026-08,1,3381.0,3510.0,3.8,3.9,-0.0,0.0,2772.0,3874.0
ICD Tihi,New York/New Jersey,US East Coast,suez_panama,3,2026-08,1,3307.0,3388.0,2.5,2.4,0.1,0.0,2924.0,3617.0
ICD Tihi,Savannah,US East Coast,suez_panama,3,2026-08,1,3253.0,3328.0,2.3,2.4,-0.1,0.0,2899.0,3540.0
ICD Tihi,Norfolk,US East Coast,suez_panama,3,2026-08,1,3452.0,3536.0,2.4,2.4,0.0,0.0,3058.0,3771.0
ICD Tihi,Charleston,US East Coast,suez_panama,3,2026-08,1,3409.0,3494.0,2.5,2.4,0.1,0.0,3011.0,3731.0
ICD Tihi,Baltimore,US East Coast,suez_panama,3,2026-08,1,3705.0,3792.0,2.3,2.4,-0.0,0.0,3295.0,4037.0
ICD Tihi,Houston,US Gulf / Caribbean / Latin America,panama,5,2026-08,1,3700.0,3786.0,2.3,2.2,0.2,0.0,3297.0,4026.0
ICD Tihi,New Orleans,US Gulf / Caribbean / Latin America,panama,5,2026-08,1,3592.0,3667.0,2.1,2.2,-0.1,0.0,3238.0,3879.0
ICD Tihi,Cartagena,US Gulf / Caribbean / Latin America,panama,5,2026-08,1,2984.0,3047.0,2.1,2.2,-0.0,0.0,2688.0,3224.0
ICD Tihi,Balboa,US Gulf / Caribbean / Latin America,panama,5,2026-08,1,2784.0,2840.0,2.0,2.2,-0.2,0.0,2522.0,2996.0
ICD Tihi,Kingston,US Gulf / Caribbean / Latin America,panama,5,2026-08,1,2740.0,2797.0,2.1,2.2,-0.1,0.0,2470.0,2959.0
ICD Tihi,Lagos,Africa / South America (Cape),cape_route,4,2026-08,1,2772.0,2804.0,1.2,1.1,0.0,0.0,2622.0,2894.0
ICD Tihi,Tema,Africa / South America (Cape),cape_route,4,2026-08,1,2946.0,2981.0,1.2,1.1,0.0,0.0,2781.0,3079.0
ICD Tihi,Durban,Africa / South America (Cape),cape_route,4,2026-08,1,2365.0,2390.0,1.1,1.1,-0.1,0.0,2246.0,2461.0
ICD Tihi,Cape Town,Africa / South America (Cape),cape_route,4,2026-08,1,2383.0,2413.0,1.3,1.1,0.1,0.0,2242.0,2497.0
ICD Tihi,Santos,Africa / South America (Cape),cape_route,4,2026-08,1,2887.0,2925.0,1.3,1.1,0.2,0.0,2708.0,3032.0
ICD Tihi,Buenos Aires,Africa / South America (Cape),cape_route,4,2026-08,1,3359.0,3400.0,1.2,1.1,0.1,0.0,3166.0,3516.0
ICD Tihi,Mombasa,Indian Ocean Rim,indian_ocean,1,2026-08,1,958.0,974.0,1.7,1.4,0.0,0.3,897.0,1013.0
ICD Tihi,Dar es Salaam,Indian Ocean Rim,indian_ocean,1,2026-08,1,1005.0,1022.0,1.7,1.4,0.0,0.3,940.0,1063.0
ICD Tihi,Colombo,Indian Ocean Rim,indian_ocean,1,2026-08,1,741.0,753.0,1.7,1.4,-0.0,0.3,695.0,782.0
ICD Tihi,Port Louis,Indian Ocean Rim,indian_ocean,1,2026-08,1,1177.0,1198.0,1.8,1.4,0.0,0.3,1099.0,1246.0
ICD Tihi,Karachi,Indian Ocean Rim,indian_ocean,1,2026-08,1,795.0,809.0,1.7,1.4,0.0,0.3,744.0,840.0
ICD Tihi,Los Angeles/Long Beach,Pacific (US West / Oceania),pacific,3,2026-08,1,2309.0,2334.0,1.1,1.1,-0.0,0.0,2191.0,2405.0
ICD Tihi,Oakland,Pacific (US West / Oceania),pacific,3,2026-08,1,2395.0,2431.0,1.5,1.1,0.4,0.0,2226.0,2532.0
ICD Tihi,Seattle/Tacoma,Pacific (US West / Oceania),pacific,3,2026-08,1,2217.0,2244.0,1.2,1.1,0.1,0.0,2088.0,2321.0
ICD Tihi,Vancouver,Pacific (US West / Oceania),pacific,3,2026-08,1,2424.0,2456.0,1.3,1.1,0.2,0.0,2272.0,2547.0
ICD Tihi,Melbourne,Pacific (US West / Oceania),pacific,3,2026-08,1,2113.0,2140.0,1.3,1.1,0.2,0.0,1984.0,2217.0
ICD Tihi,Sydney,Pacific (US West / Oceania),pacific,3,2026-08,1,2290.0,2315.0,1.1,1.1,-0.0,0.0,2171.0,2386.0
ICD Tihi,Auckland,Pacific (US West / Oceania),pacific,3,2026-08,1,2211.0,2233.0,1.0,1.1,-0.1,0.0,2108.0,2295.0
ICD Tihi,Singapore,Intra-Asia,intra_asia,1,2026-08,1,665.0,671.0,0.9,0.9,0.1,0.0,635.0,689.0
ICD Tihi,Port Klang,Intra-Asia,intra_asia,1,2026-08,1,632.0,638.0,1.0,0.9,0.1,0.0,602.0,656.0
ICD Tihi,Laem Chabang,Intra-Asia,intra_asia,1,2026-08,1,755.0,761.0,0.8,0.9,-0.1,0.0,727.0,778.0
ICD Tihi,Ho Chi Minh City (Cat Lai),Intra-Asia,intra_asia,1,2026-08,1,787.0,794.0,0.9,0.9,0.0,0.0,755.0,813.0
ICD Tihi,Shanghai,Intra-Asia,intra_asia,1,2026-08,1,908.0,916.0,0.9,0.9,0.1,0.0,868.0,940.0
ICD Tihi,Ningbo,Intra-Asia,intra_asia,1,2026-08,1,997.0,1006.0,0.9,0.9,0.1,0.0,953.0,1032.0
ICD Tihi,Yantian (Shenzhen),Intra-Asia,intra_asia,1,2026-08,1,922.0,929.0,0.7,0.9,-0.2,0.0,891.0,947.0
ICD Tihi,Busan,Intra-Asia,intra_asia,1,2026-08,1,1122.0,1133.0,0.9,0.9,0.1,0.0,1072.0,1162.0
ICD Tihi,Yokohama,Intra-Asia,intra_asia,1,2026-08,1,1135.0,1147.0,1.0,0.9,0.2,0.0,1079.0,1180.0
ICD Dhannad,Jebel Ali,Middle East,hormuz,6,2026-08,1,1203.0,1252.0,4.1,4.1,-0.0,0.0,971.0,1391.0
ICD Dhannad,Dammam,Middle East,hormuz,6,2026-08,1,1281.0,1334.0,4.1,4.1,0.0,0.0,1031.0,1483.0
ICD Dhannad,Bandar Abbas,Middle East,hormuz,6,2026-08,1,1301.0,1354.0,4.1,4.1,-0.1,0.0,1053.0,1502.0
ICD Dhannad,Kuwait City,Middle East,hormuz,6,2026-08,1,1197.0,1246.0,4.1,4.1,-0.0,0.0,967.0,1383.0
ICD Dhannad,Hamad Port (Doha),Middle East,hormuz,6,2026-08,1,1177.0,1225.0,4.1,4.1,-0.0,0.0,949.0,1362.0
ICD Dhannad,Sohar,Middle East,hormuz,6,2026-08,1,1219.0,1270.0,4.2,4.1,0.0,0.0,981.0,1412.0
ICD Dhannad,Jeddah,Red Sea / East Africa,red_sea,0,2026-08,1,1386.0,1442.0,4.1,4.1,-0.0,0.0,1121.0,1600.0
ICD Dhannad,Port Sudan,Red Sea / East Africa,red_sea,0,2026-08,1,1840.0,1914.0,4.0,4.1,-0.1,0.0,1493.0,2121.0
ICD Dhannad,Djibouti,Red Sea / East Africa,red_sea,0,2026-08,1,1684.0,1751.0,4.0,4.1,-0.1,0.0,1366.0,1941.0
ICD Dhannad,Aqaba,Red Sea / East Africa,red_sea,0,2026-08,1,1652.0,1721.0,4.2,4.1,0.1,0.0,1326.0,1916.0
ICD Dhannad,Suez,Red Sea / East Africa,red_sea,0,2026-08,1,1826.0,1900.0,4.1,4.1,-0.0,0.0,1476.0,2109.0
ICD Dhannad,Piraeus,Europe (Mediterranean),suez,2,2026-08,1,2646.0,2748.0,3.8,3.9,-0.0,0.0,2168.0,3033.0
ICD Dhannad,Genoa,Europe (Mediterranean),suez,2,2026-08,1,2787.0,2892.0,3.8,3.9,-0.1,0.0,2291.0,3188.0
ICD Dhannad,Barcelona,Europe (Mediterranean),suez,2,2026-08,1,2813.0,2925.0,4.0,3.9,0.1,0.0,2284.0,3241.0
ICD Dhannad,Marseille,Europe (Mediterranean),suez,2,2026-08,1,2937.0,3046.0,3.7,3.9,-0.2,0.0,2423.0,3353.0
ICD Dhannad,Valencia,Europe (Mediterranean),suez,2,2026-08,1,2836.0,2952.0,4.1,3.9,0.2,0.0,2290.0,3278.0
ICD Dhannad,Gioia Tauro,Europe (Mediterranean),suez,2,2026-08,1,2983.0,3098.0,3.8,3.9,-0.0,0.0,2442.0,3421.0
ICD Dhannad,Ambarli (Istanbul),Europe (Mediterranean),suez,2,2026-08,1,2802.0,2913.0,4.0,3.9,0.1,0.0,2278.0,3226.0
ICD Dhannad,Rotterdam,Europe (North),suez,2,2026-08,1,3455.0,3587.0,3.8,3.9,-0.1,0.0,2835.0,3957.0
ICD Dhannad,Hamburg,Europe (North),suez,2,2026-08,1,3730.0,3875.0,3.9,3.9,0.0,0.0,3047.0,4283.0
ICD Dhannad,Antwerp,Europe (North),suez,2,2026-08,1,3310.0,3437.0,3.8,3.9,-0.0,0.0,2712.0,3794.0
ICD Dhannad,Felixstowe,Europe (North),suez,2,2026-08,1,3407.0,3536.0,3.8,3.9,-0.1,0.0,2799.0,3899.0
ICD Dhannad,Le Havre,Europe (North),suez,2,2026-08,1,3531.0,3666.0,3.8,3.9,-0.1,0.0,2897.0,4044.0
ICD Dhannad,New York/New Jersey,US East Coast,suez_panama,3,2026-08,1,3457.0,3536.0,2.3,2.4,-0.1,0.0,3085.0,3759.0
ICD Dhannad,Savannah,US East Coast,suez_panama,3,2026-08,1,3403.0,3487.0,2.5,2.4,0.1,0.0,3005.0,3725.0
ICD Dhannad,Norfolk,US East Coast,suez_panama,3,2026-08,1,3602.0,3683.0,2.3,2.4,-0.1,0.0,3220.0,3911.0
ICD Dhannad,Charleston,US East Coast,suez_panama,3,2026-08,1,3559.0,3644.0,2.4,2.4,0.0,0.0,3157.0,3884.0
ICD Dhannad,Baltimore,US East Coast,suez_panama,3,2026-08,1,3855.0,3943.0,2.3,2.4,-0.1,0.0,3442.0,4189.0
ICD Dhannad,Houston,US Gulf / Caribbean / Latin America,panama,5,2026-08,1,3850.0,3931.0,2.1,2.2,-0.1,0.0,3470.0,4157.0
ICD Dhannad,New Orleans,US Gulf / Caribbean / Latin America,panama,5,2026-08,1,3742.0,3824.0,2.2,2.2,0.0,0.0,3356.0,4055.0
ICD Dhannad,Cartagena,US Gulf / Caribbean / Latin America,panama,5,2026-08,1,3134.0,3205.0,2.3,2.2,0.1,0.0,2800.0,3404.0
ICD Dhannad,Balboa,US Gulf / Caribbean / Latin America,panama,5,2026-08,1,2934.0,2994.0,2.0,2.2,-0.1,0.0,2651.0,3163.0
ICD Dhannad,Kingston,US Gulf / Caribbean / Latin America,panama,5,2026-08,1,2890.0,2956.0,2.3,2.2,0.1,0.0,2579.0,3142.0
ICD Dhannad,Lagos,Africa / South America (Cape),cape_route,4,2026-08,1,2922.0,2950.0,0.9,1.1,-0.2,0.0,2792.0,3027.0
ICD Dhannad,Tema,Africa / South America (Cape),cape_route,4,2026-08,1,3096.0,3129.0,1.1,1.1,-0.1,0.0,2939.0,3223.0
ICD Dhannad,Durban,Africa / South America (Cape),cape_route,4,2026-08,1,2515.0,2543.0,1.1,1.1,-0.0,0.0,2382.0,2623.0
ICD Dhannad,Cape Town,Africa / South America (Cape),cape_route,4,2026-08,1,2533.0,2560.0,1.1,1.1,-0.1,0.0,2404.0,2637.0
ICD Dhannad,Santos,Africa / South America (Cape),cape_route,4,2026-08,1,3037.0,3073.0,1.2,1.1,0.1,0.0,2866.0,3176.0
ICD Dhannad,Buenos Aires,Africa / South America (Cape),cape_route,4,2026-08,1,3509.0,3547.0,1.1,1.1,-0.0,0.0,3329.0,3655.0
ICD Dhannad,Mombasa,Indian Ocean Rim,indian_ocean,1,2026-08,1,1108.0,1129.0,1.9,1.4,0.2,0.3,1028.0,1179.0
ICD Dhannad,Dar es Salaam,Indian Ocean Rim,indian_ocean,1,2026-08,1,1155.0,1177.0,1.9,1.4,0.2,0.3,1073.0,1228.0
ICD Dhannad,Colombo,Indian Ocean Rim,indian_ocean,1,2026-08,1,891.0,906.0,1.7,1.4,-0.0,0.3,836.0,940.0
ICD Dhannad,Port Louis,Indian Ocean Rim,indian_ocean,1,2026-08,1,1327.0,1348.0,1.6,1.4,-0.1,0.3,1249.0,1398.0
ICD Dhannad,Karachi,Indian Ocean Rim,indian_ocean,1,2026-08,1,945.0,963.0,1.9,1.4,0.2,0.3,876.0,1006.0
ICD Dhannad,Los Angeles/Long Beach,Pacific (US West / Oceania),pacific,3,2026-08,1,2459.0,2489.0,1.2,1.1,0.1,0.0,2317.0,2574.0
ICD Dhannad,Oakland,Pacific (US West / Oceania),pacific,3,2026-08,1,2545.0,2579.0,1.3,1.1,0.2,0.0,2385.0,2674.0
ICD Dhannad,Seattle/Tacoma,Pacific (US West / Oceania),pacific,3,2026-08,1,2367.0,2394.0,1.2,1.1,0.0,0.0,2239.0,2471.0
ICD Dhannad,Vancouver,Pacific (US West / Oceania),pacific,3,2026-08,1,2574.0,2603.0,1.1,1.1,0.0,0.0,2436.0,2686.0
ICD Dhannad,Melbourne,Pacific (US West / Oceania),pacific,3,2026-08,1,2263.0,2294.0,1.4,1.1,0.2,0.0,2117.0,2381.0
ICD Dhannad,Sydney,Pacific (US West / Oceania),pacific,3,2026-08,1,2440.0,2470.0,1.2,1.1,0.1,0.0,2301.0,2553.0
ICD Dhannad,Auckland,Pacific (US West / Oceania),pacific,3,2026-08,1,2361.0,2386.0,1.1,1.1,-0.1,0.0,2241.0,2458.0
ICD Dhannad,Singapore,Intra-Asia,intra_asia,1,2026-08,1,815.0,821.0,0.8,0.9,-0.1,0.0,785.0,839.0
ICD Dhannad,Port Klang,Intra-Asia,intra_asia,1,2026-08,1,782.0,790.0,1.1,0.9,0.2,0.0,743.0,813.0
ICD Dhannad,Laem Chabang,Intra-Asia,intra_asia,1,2026-08,1,905.0,913.0,0.9,0.9,0.0,0.0,867.0,935.0
ICD Dhannad,Ho Chi Minh City (Cat Lai),Intra-Asia,intra_asia,1,2026-08,1,937.0,944.0,0.8,0.9,-0.1,0.0,902.0,965.0
ICD Dhannad,Shanghai,Intra-Asia,intra_asia,1,2026-08,1,1058.0,1066.0,0.8,0.9,-0.1,0.0,1021.0,1088.0
ICD Dhannad,Ningbo,Intra-Asia,intra_asia,1,2026-08,1,1147.0,1160.0,1.1,0.9,0.3,0.0,1086.0,1196.0
ICD Dhannad,Yantian (Shenzhen),Intra-Asia,intra_asia,1,2026-08,1,1072.0,1081.0,0.8,0.9,-0.1,0.0,1031.0,1105.0
ICD Dhannad,Busan,Intra-Asia,intra_asia,1,2026-08,1,1272.0,1284.0,0.9,0.9,0.0,0.0,1218.0,1316.0
ICD Dhannad,Yokohama,Intra-Asia,intra_asia,1,2026-08,1,1285.0,1296.0,0.9,0.9,-0.0,0.0,1233.0,1327.0
Nhava Sheva (JNPT),Jebel Ali,Middle East,hormuz,6,2026-09,2,868.0,923.0,6.3,6.4,-0.0,0.0,738.0,1063.0
Nhava Sheva (JNPT),Dammam,Middle East,hormuz,6,2026-09,2,946.0,1006.0,6.3,6.4,-0.1,0.0,805.0,1158.0
Nhava Sheva (JNPT),Bandar Abbas,Middle East,hormuz,6,2026-09,2,966.0,1028.0,6.4,6.4,0.1,0.0,819.0,1187.0
Nhava Sheva (JNPT),Kuwait City,Middle East,hormuz,6,2026-09,2,862.0,917.0,6.4,6.4,-0.0,0.0,732.0,1057.0
Nhava Sheva (JNPT),Hamad Port (Doha),Middle East,hormuz,6,2026-09,2,842.0,897.0,6.5,6.4,0.1,0.0,712.0,1037.0
Nhava Sheva (JNPT),Sohar,Middle East,hormuz,6,2026-09,2,884.0,940.0,6.4,6.4,-0.0,0.0,751.0,1084.0
Nhava Sheva (JNPT),Jeddah,Red Sea / East Africa,red_sea,0,2026-09,2,1051.0,1118.0,6.3,6.3,0.0,0.0,894.0,1287.0
Nhava Sheva (JNPT),Port Sudan,Red Sea / East Africa,red_sea,0,2026-09,2,1505.0,1598.0,6.2,6.3,-0.1,0.0,1285.0,1835.0
Nhava Sheva (JNPT),Djibouti,Red Sea / East Africa,red_sea,0,2026-09,2,1349.0,1434.0,6.3,6.3,-0.1,0.0,1149.0,1649.0
Nhava Sheva (JNPT),Aqaba,Red Sea / East Africa,red_sea,0,2026-09,2,1317.0,1400.0,6.3,6.3,0.0,0.0,1120.0,1613.0
Nhava Sheva (JNPT),Suez,Red Sea / East Africa,red_sea,0,2026-09,2,1491.0,1586.0,6.4,6.3,0.0,0.0,1268.0,1827.0
Nhava Sheva (JNPT),Piraeus,Europe (Mediterranean),suez,2,2026-09,2,2311.0,2447.0,5.9,6.0,-0.1,0.0,1990.0,2794.0
Nhava Sheva (JNPT),Genoa,Europe (Mediterranean),suez,2,2026-09,2,2452.0,2599.0,6.0,6.0,0.0,0.0,2105.0,2974.0
Nhava Sheva (JNPT),Barcelona,Europe (Mediterranean),suez,2,2026-09,2,2478.0,2628.0,6.1,6.0,0.1,0.0,2123.0,3012.0
Nhava Sheva (JNPT),Marseille,Europe (Mediterranean),suez,2,2026-09,2,2602.0,2761.0,6.1,6.0,0.1,0.0,2226.0,3168.0
Nhava Sheva (JNPT),Valencia,Europe (Mediterranean),suez,2,2026-09,2,2501.0,2650.0,5.9,6.0,-0.1,0.0,2150.0,3028.0
Nhava Sheva (JNPT),Gioia Tauro,Europe (Mediterranean),suez,2,2026-09,2,2648.0,2810.0,6.1,6.0,0.1,0.0,2265.0,3224.0
Nhava Sheva (JNPT),Ambarli (Istanbul),Europe (Mediterranean),suez,2,2026-09,2,2467.0,2610.0,5.8,6.0,-0.2,0.0,2129.0,2976.0
Nhava Sheva (JNPT),Rotterdam,Europe (North),suez,2,2026-09,2,3120.0,3305.0,5.9,6.0,-0.1,0.0,2683.0,3778.0
Nhava Sheva (JNPT),Hamburg,Europe (North),suez,2,2026-09,2,3395.0,3606.0,6.2,6.0,0.2,0.0,2898.0,4142.0
Nhava Sheva (JNPT),Antwerp,Europe (North),suez,2,2026-09,2,2975.0,3156.0,6.1,6.0,0.1,0.0,2547.0,3618.0
Nhava Sheva (JNPT),Felixstowe,Europe (North),suez,2,2026-09,2,3072.0,3258.0,6.1,6.0,0.1,0.0,2632.0,3734.0
Nhava Sheva (JNPT),Le Havre,Europe (North),suez,2,2026-09,2,3196.0,3388.0,6.0,6.0,0.0,0.0,2744.0,3876.0
Nhava Sheva (JNPT),New York/New Jersey,US East Coast,suez_panama,3,2026-09,2,3122.0,3293.0,5.5,3.7,0.0,1.75,2902.0,3590.0
Nhava Sheva (JNPT),Savannah,US East Coast,suez_panama,3,2026-09,2,3068.0,3235.0,5.4,3.7,-0.0,1.75,2854.0,3524.0
Nhava Sheva (JNPT),Norfolk,US East Coast,suez_panama,3,2026-09,2,3267.0,3435.0,5.1,3.7,-0.3,1.75,3063.0,3717.0
Nhava Sheva (JNPT),Charleston,US East Coast,suez_panama,3,2026-09,2,3224.0,3409.0,5.7,3.7,0.3,1.75,2977.0,3737.0
Nhava Sheva (JNPT),Baltimore,US East Coast,suez_panama,3,2026-09,2,3520.0,3717.0,5.6,3.7,0.1,1.75,3261.0,4064.0
Nhava Sheva (JNPT),Houston,US Gulf / Caribbean / Latin America,panama,5,2026-09,2,3515.0,3685.0,4.8,3.3,0.0,1.5,3291.0,3984.0
Nhava Sheva (JNPT),New Orleans,US Gulf / Caribbean / Latin America,panama,5,2026-09,2,3407.0,3574.0,4.9,3.3,0.1,1.5,3185.0,3868.0
Nhava Sheva (JNPT),Cartagena,US Gulf / Caribbean / Latin America,panama,5,2026-09,2,2799.0,2934.0,4.8,3.3,-0.0,1.5,2622.0,3170.0
Nhava Sheva (JNPT),Balboa,US Gulf / Caribbean / Latin America,panama,5,2026-09,2,2599.0,2731.0,5.1,3.3,0.2,1.5,2418.0,2968.0
Nhava Sheva (JNPT),Kingston,US Gulf / Caribbean / Latin America,panama,5,2026-09,2,2555.0,2679.0,4.8,3.3,0.0,1.5,2392.0,2896.0
Nhava Sheva (JNPT),Lagos,Africa / South America (Cape),cape_route,4,2026-09,2,2587.0,2630.0,1.7,1.8,-0.1,0.0,2485.0,2740.0
Nhava Sheva (JNPT),Tema,Africa / South America (Cape),cape_route,4,2026-09,2,2761.0,2805.0,1.6,1.8,-0.1,0.0,2656.0,2919.0
Nhava Sheva (JNPT),Durban,Africa / South America (Cape),cape_route,4,2026-09,2,2180.0,2220.0,1.8,1.8,0.1,0.0,2086.0,2322.0
Nhava Sheva (JNPT),Cape Town,Africa / South America (Cape),cape_route,4,2026-09,2,2198.0,2242.0,2.0,1.8,0.2,0.0,2095.0,2353.0
Nhava Sheva (JNPT),Santos,Africa / South America (Cape),cape_route,4,2026-09,2,2702.0,2754.0,1.9,1.8,0.2,0.0,2579.0,2887.0
Nhava Sheva (JNPT),Buenos Aires,Africa / South America (Cape),cape_route,4,2026-09,2,3174.0,3220.0,1.4,1.8,-0.3,0.0,3066.0,3337.0
Nhava Sheva (JNPT),Mombasa,Indian Ocean Rim,indian_ocean,1,2026-09,2,773.0,789.0,2.1,2.2,-0.1,0.0,735.0,830.0
Nhava Sheva (JNPT),Dar es Salaam,Indian Ocean Rim,indian_ocean,1,2026-09,2,820.0,837.0,2.0,2.2,-0.1,0.0,780.0,879.0
Nhava Sheva (JNPT),Colombo,Indian Ocean Rim,indian_ocean,1,2026-09,2,556.0,567.0,2.0,2.2,-0.2,0.0,530.0,595.0
Nhava Sheva (JNPT),Port Louis,Indian Ocean Rim,indian_ocean,1,2026-09,2,992.0,1014.0,2.2,2.2,0.0,0.0,941.0,1069.0
Nhava Sheva (JNPT),Karachi,Indian Ocean Rim,indian_ocean,1,2026-09,2,610.0,625.0,2.4,2.2,0.2,0.0,575.0,663.0
Nhava Sheva (JNPT),Los Angeles/Long Beach,Pacific (US West / Oceania),pacific,3,2026-09,2,2124.0,2198.0,3.5,1.8,-0.0,1.75,2074.0,2293.0
Nhava Sheva (JNPT),Oakland,Pacific (US West / Oceania),pacific,3,2026-09,2,2210.0,2286.0,3.4,1.8,-0.1,1.75,2161.0,2381.0
Nhava Sheva (JNPT),Seattle/Tacoma,Pacific (US West / Oceania),pacific,3,2026-09,2,2032.0,2101.0,3.4,1.8,-0.1,1.75,1988.0,2186.0
Nhava Sheva (JNPT),Vancouver,Pacific (US West / Oceania),pacific,3,2026-09,2,2239.0,2321.0,3.6,1.8,0.1,1.75,2178.0,2429.0
Nhava Sheva (JNPT),Melbourne,Pacific (US West / Oceania),pacific,3,2026-09,2,1928.0,1994.0,3.4,1.8,-0.1,1.75,1885.0,2077.0
Nhava Sheva (JNPT),Sydney,Pacific (US West / Oceania),pacific,3,2026-09,2,2105.0,2176.0,3.4,1.8,-0.1,1.75,2062.0,2262.0
Nhava Sheva (JNPT),Auckland,Pacific (US West / Oceania),pacific,3,2026-09,2,2026.0,2092.0,3.2,1.8,-0.3,1.75,1990.0,2169.0
Nhava Sheva (JNPT),Singapore,Intra-Asia,intra_asia,1,2026-09,2,480.0,487.0,1.5,1.3,0.1,0.0,463.0,505.0
Nhava Sheva (JNPT),Port Klang,Intra-Asia,intra_asia,1,2026-09,2,447.0,453.0,1.3,1.3,-0.1,0.0,433.0,468.0
Nhava Sheva (JNPT),Laem Chabang,Intra-Asia,intra_asia,1,2026-09,2,570.0,575.0,0.9,1.3,-0.5,0.0,558.0,588.0
Nhava Sheva (JNPT),Ho Chi Minh City (Cat Lai),Intra-Asia,intra_asia,1,2026-09,2,602.0,611.0,1.5,1.3,0.1,0.0,581.0,634.0
Nhava Sheva (JNPT),Shanghai,Intra-Asia,intra_asia,1,2026-09,2,723.0,733.0,1.4,1.3,0.1,0.0,699.0,759.0
Nhava Sheva (JNPT),Ningbo,Intra-Asia,intra_asia,1,2026-09,2,812.0,819.0,0.9,1.3,-0.4,0.0,794.0,838.0
Nhava Sheva (JNPT),Yantian (Shenzhen),Intra-Asia,intra_asia,1,2026-09,2,737.0,747.0,1.3,1.3,-0.1,0.0,715.0,771.0
Nhava Sheva (JNPT),Busan,Intra-Asia,intra_asia,1,2026-09,2,937.0,947.0,1.1,1.3,-0.2,0.0,913.0,974.0
Nhava Sheva (JNPT),Yokohama,Intra-Asia,intra_asia,1,2026-09,2,950.0,962.0,1.3,1.3,-0.1,0.0,922.0,992.0
ICD Tihi,Jebel Ali,Middle East,hormuz,6,2026-09,2,1053.0,1120.0,6.4,6.4,0.0,0.0,894.0,1292.0
ICD Tihi,Dammam,Middle East,hormuz,6,2026-09,2,1131.0,1203.0,6.4,6.4,-0.0,0.0,961.0,1386.0
ICD Tihi,Bandar Abbas,Middle East,hormuz,6,2026-09,2,1151.0,1225.0,6.4,6.4,0.0,0.0,977.0,1413.0
ICD Tihi,Kuwait City,Middle East,hormuz,6,2026-09,2,1047.0,1114.0,6.4,6.4,0.0,0.0,889.0,1284.0
ICD Tihi,Hamad Port (Doha),Middle East,hormuz,6,2026-09,2,1027.0,1093.0,6.4,6.4,0.1,0.0,871.0,1262.0
ICD Tihi,Sohar,Middle East,hormuz,6,2026-09,2,1069.0,1139.0,6.5,6.4,0.1,0.0,905.0,1316.0
ICD Tihi,Jeddah,Red Sea / East Africa,red_sea,0,2026-09,2,1236.0,1315.0,6.4,6.3,0.0,0.0,1051.0,1515.0
ICD Tihi,Port Sudan,Red Sea / East Africa,red_sea,0,2026-09,2,1690.0,1795.0,6.2,6.3,-0.1,0.0,1442.0,2063.0
ICD Tihi,Djibouti,Red Sea / East Africa,red_sea,0,2026-09,2,1534.0,1632.0,6.4,6.3,0.1,0.0,1303.0,1882.0
ICD Tihi,Aqaba,Red Sea / East Africa,red_sea,0,2026-09,2,1502.0,1598.0,6.4,6.3,0.0,0.0,1276.0,1842.0
ICD Tihi,Suez,Red Sea / East Africa,red_sea,0,2026-09,2,1676.0,1782.0,6.3,6.3,0.0,0.0,1426.0,2053.0
ICD Tihi,Piraeus,Europe (Mediterranean),suez,2,2026-09,2,2496.0,2645.0,6.0,6.0,-0.0,0.0,2145.0,3024.0
ICD Tihi,Genoa,Europe (Mediterranean),suez,2,2026-09,2,2637.0,2790.0,5.8,6.0,-0.2,0.0,2276.0,3181.0
ICD Tihi,Barcelona,Europe (Mediterranean),suez,2,2026-09,2,2663.0,2825.0,6.1,6.0,0.1,0.0,2280.0,3238.0
ICD Tihi,Marseille,Europe (Mediterranean),suez,2,2026-09,2,2787.0,2957.0,6.1,6.0,0.1,0.0,2385.0,3391.0
ICD Tihi,Valencia,Europe (Mediterranean),suez,2,2026-09,2,2686.0,2847.0,6.0,6.0,0.0,0.0,2306.0,3258.0
ICD Tihi,Gioia Tauro,Europe (Mediterranean),suez,2,2026-09,2,2833.0,3001.0,5.9,6.0,-0.1,0.0,2436.0,3430.0
ICD Tihi,Ambarli (Istanbul),Europe (Mediterranean),suez,2,2026-09,2,2652.0,2815.0,6.1,6.0,0.1,0.0,2267.0,3230.0
ICD Tihi,Rotterdam,Europe (North),suez,2,2026-09,2,3305.0,3501.0,5.9,6.0,-0.1,0.0,2843.0,3999.0
ICD Tihi,Hamburg,Europe (North),suez,2,2026-09,2,3580.0,3797.0,6.1,6.0,0.1,0.0,3069.0,4349.0
ICD Tihi,Antwerp,Europe (North),suez,2,2026-09,2,3160.0,3360.0,6.3,6.0,0.3,0.0,2688.0,3870.0
ICD Tihi,Felixstowe,Europe (North),suez,2,2026-09,2,3257.0,3453.0,6.0,6.0,0.0,0.0,2793.0,3954.0
ICD Tihi,Le Havre,Europe (North),suez,2,2026-09,2,3381.0,3581.0,5.9,6.0,-0.1,0.0,2909.0,4091.0
ICD Tihi,New York/New Jersey,US East Coast,suez_panama,3,2026-09,2,3307.0,3491.0,5.6,3.7,0.1,1.75,3068.0,3811.0
ICD Tihi,Savannah,US East Coast,suez_panama,3,2026-09,2,3253.0,3426.0,5.3,3.7,-0.1,1.75,3035.0,3723.0
ICD Tihi,Norfolk,US East Coast,suez_panama,3,2026-09,2,3452.0,3642.0,5.5,3.7,0.0,1.75,3207.0,3971.0
ICD Tihi,Charleston,US East Coast,suez_panama,3,2026-09,2,3409.0,3600.0,5.6,3.7,0.1,1.75,3160.0,3933.0
ICD Tihi,Baltimore,US East Coast,suez_panama,3,2026-09,2,3705.0,3905.0,5.4,3.7,-0.1,1.75,3452.0,4248.0
ICD Tihi,Houston,US Gulf / Caribbean / Latin America,panama,5,2026-09,2,3700.0,3888.0,5.1,3.3,0.2,1.5,3443.0,4225.0
ICD Tihi,New Orleans,US Gulf / Caribbean / Latin America,panama,5,2026-09,2,3592.0,3762.0,4.7,3.3,-0.1,1.5,3371.0,4059.0
ICD Tihi,Cartagena,US Gulf / Caribbean / Latin America,panama,5,2026-09,2,2984.0,3126.0,4.8,3.3,-0.1,1.5,2799.0,3374.0
ICD Tihi,Balboa,US Gulf / Caribbean / Latin America,panama,5,2026-09,2,2784.0,2912.0,4.6,3.3,-0.2,1.5,2623.0,3131.0
ICD Tihi,Kingston,US Gulf / Caribbean / Latin America,panama,5,2026-09,2,2740.0,2870.0,4.7,3.3,-0.1,1.5,2572.0,3096.0
ICD Tihi,Lagos,Africa / South America (Cape),cape_route,4,2026-09,2,2772.0,2821.0,1.8,1.8,0.0,0.0,2656.0,2947.0
ICD Tihi,Tema,Africa / South America (Cape),cape_route,4,2026-09,2,2946.0,3000.0,1.8,1.8,0.1,0.0,2818.0,3138.0
ICD Tihi,Durban,Africa / South America (Cape),cape_route,4,2026-09,2,2365.0,2404.0,1.6,1.8,-0.1,0.0,2273.0,2503.0
ICD Tihi,Cape Town,Africa / South America (Cape),cape_route,4,2026-09,2,2383.0,2429.0,1.9,1.8,0.2,0.0,2273.0,2548.0
ICD Tihi,Santos,Africa / South America (Cape),cape_route,4,2026-09,2,2887.0,2946.0,2.0,1.8,0.3,0.0,2748.0,3096.0
ICD Tihi,Buenos Aires,Africa / South America (Cape),cape_route,4,2026-09,2,3359.0,3423.0,1.9,1.8,0.1,0.0,3209.0,3585.0
ICD Tihi,Mombasa,Indian Ocean Rim,indian_ocean,1,2026-09,2,958.0,979.0,2.2,2.2,0.0,0.0,908.0,1033.0
ICD Tihi,Dar es Salaam,Indian Ocean Rim,indian_ocean,1,2026-09,2,1005.0,1027.0,2.2,2.2,0.0,0.0,953.0,1084.0
ICD Tihi,Colombo,Indian Ocean Rim,indian_ocean,1,2026-09,2,741.0,757.0,2.1,2.2,-0.1,0.0,704.0,797.0
ICD Tihi,Port Louis,Indian Ocean Rim,indian_ocean,1,2026-09,2,1177.0,1204.0,2.3,2.2,0.1,0.0,1114.0,1272.0
ICD Tihi,Karachi,Indian Ocean Rim,indian_ocean,1,2026-09,2,795.0,812.0,2.2,2.2,0.0,0.0,754.0,857.0
ICD Tihi,Los Angeles/Long Beach,Pacific (US West / Oceania),pacific,3,2026-09,2,2309.0,2388.0,3.4,1.8,-0.1,1.75,2258.0,2488.0
ICD Tihi,Oakland,Pacific (US West / Oceania),pacific,3,2026-09,2,2395.0,2493.0,4.1,1.8,0.6,1.75,2306.0,2634.0
ICD Tihi,Seattle/Tacoma,Pacific (US West / Oceania),pacific,3,2026-09,2,2217.0,2298.0,3.7,1.8,0.1,1.75,2156.0,2406.0
ICD Tihi,Vancouver,Pacific (US West / Oceania),pacific,3,2026-09,2,2424.0,2516.0,3.8,1.8,0.3,1.75,2349.0,2644.0
ICD Tihi,Melbourne,Pacific (US West / Oceania),pacific,3,2026-09,2,2113.0,2192.0,3.8,1.8,0.2,1.75,2050.0,2300.0
ICD Tihi,Sydney,Pacific (US West / Oceania),pacific,3,2026-09,2,2290.0,2369.0,3.5,1.8,-0.1,1.75,2238.0,2469.0
ICD Tihi,Auckland,Pacific (US West / Oceania),pacific,3,2026-09,2,2211.0,2284.0,3.3,1.8,-0.2,1.75,2170.0,2370.0
ICD Tihi,Singapore,Intra-Asia,intra_asia,1,2026-09,2,665.0,675.0,1.5,1.3,0.1,0.0,642.0,699.0
ICD Tihi,Port Klang,Intra-Asia,intra_asia,1,2026-09,2,632.0,642.0,1.6,1.3,0.2,0.0,609.0,667.0
ICD Tihi,Laem Chabang,Intra-Asia,intra_asia,1,2026-09,2,755.0,764.0,1.2,1.3,-0.1,0.0,733.0,788.0
ICD Tihi,Ho Chi Minh City (Cat Lai),Intra-Asia,intra_asia,1,2026-09,2,787.0,798.0,1.3,1.3,0.0,0.0,762.0,825.0
ICD Tihi,Shanghai,Intra-Asia,intra_asia,1,2026-09,2,908.0,921.0,1.4,1.3,0.1,0.0,877.0,954.0
ICD Tihi,Ningbo,Intra-Asia,intra_asia,1,2026-09,2,997.0,1011.0,1.4,1.3,0.1,0.0,963.0,1048.0
ICD Tihi,Yantian (Shenzhen),Intra-Asia,intra_asia,1,2026-09,2,922.0,932.0,1.1,1.3,-0.2,0.0,898.0,958.0
ICD Tihi,Busan,Intra-Asia,intra_asia,1,2026-09,2,1122.0,1138.0,1.5,1.3,0.1,0.0,1083.0,1180.0
ICD Tihi,Yokohama,Intra-Asia,intra_asia,1,2026-09,2,1135.0,1153.0,1.6,1.3,0.3,0.0,1092.0,1200.0
ICD Dhannad,Jebel Ali,Middle East,hormuz,6,2026-09,2,1203.0,1279.0,6.4,6.4,-0.0,0.0,1023.0,1474.0
ICD Dhannad,Dammam,Middle East,hormuz,6,2026-09,2,1281.0,1363.0,6.4,6.4,0.0,0.0,1087.0,1572.0
ICD Dhannad,Bandar Abbas,Middle East,hormuz,6,2026-09,2,1301.0,1383.0,6.3,6.4,-0.1,0.0,1108.0,1591.0
ICD Dhannad,Kuwait City,Middle East,hormuz,6,2026-09,2,1197.0,1273.0,6.3,6.4,-0.1,0.0,1019.0,1465.0
ICD Dhannad,Hamad Port (Doha),Middle East,hormuz,6,2026-09,2,1177.0,1252.0,6.4,6.4,-0.0,0.0,1000.0,1443.0
ICD Dhannad,Sohar,Middle East,hormuz,6,2026-09,2,1219.0,1297.0,6.4,6.4,0.0,0.0,1034.0,1497.0
ICD Dhannad,Jeddah,Red Sea / East Africa,red_sea,0,2026-09,2,1386.0,1473.0,6.3,6.3,-0.1,0.0,1181.0,1695.0
ICD Dhannad,Port Sudan,Red Sea / East Africa,red_sea,0,2026-09,2,1840.0,1954.0,6.2,6.3,-0.1,0.0,1571.0,2245.0
ICD Dhannad,Djibouti,Red Sea / East Africa,red_sea,0,2026-09,2,1684.0,1788.0,6.2,6.3,-0.1,0.0,1438.0,2055.0
ICD Dhannad,Aqaba,Red Sea / East Africa,red_sea,0,2026-09,2,1652.0,1759.0,6.5,6.3,0.1,0.0,1399.0,2032.0
ICD Dhannad,Suez,Red Sea / East Africa,red_sea,0,2026-09,2,1826.0,1941.0,6.3,6.3,-0.0,0.0,1555.0,2234.0
ICD Dhannad,Piraeus,Europe (Mediterranean),suez,2,2026-09,2,2646.0,2803.0,5.9,6.0,-0.1,0.0,2275.0,3204.0
ICD Dhannad,Genoa,Europe (Mediterranean),suez,2,2026-09,2,2787.0,2950.0,5.8,6.0,-0.1,0.0,2403.0,3365.0
ICD Dhannad,Barcelona,Europe (Mediterranean),suez,2,2026-09,2,2813.0,2987.0,6.2,6.0,0.2,0.0,2403.0,3430.0
ICD Dhannad,Marseille,Europe (Mediterranean),suez,2,2026-09,2,2937.0,3106.0,5.8,6.0,-0.2,0.0,2538.0,3537.0
ICD Dhannad,Valencia,Europe (Mediterranean),suez,2,2026-09,2,2836.0,3016.0,6.3,6.0,0.3,0.0,2412.0,3473.0
ICD Dhannad,Gioia Tauro,Europe (Mediterranean),suez,2,2026-09,2,2983.0,3161.0,6.0,6.0,-0.0,0.0,2564.0,3614.0
ICD Dhannad,Ambarli (Istanbul),Europe (Mediterranean),suez,2,2026-09,2,2802.0,2974.0,6.1,6.0,0.1,0.0,2396.0,3413.0
ICD Dhannad,Rotterdam,Europe (North),suez,2,2026-09,2,3455.0,3659.0,5.9,6.0,-0.1,0.0,2974.0,4179.0
ICD Dhannad,Hamburg,Europe (North),suez,2,2026-09,2,3730.0,3954.0,6.0,6.0,0.0,0.0,3201.0,4526.0
ICD Dhannad,Antwerp,Europe (North),suez,2,2026-09,2,3310.0,3507.0,5.9,6.0,-0.1,0.0,2846.0,4008.0
ICD Dhannad,Felixstowe,Europe (North),suez,2,2026-09,2,3407.0,3607.0,5.9,6.0,-0.1,0.0,2935.0,4116.0
ICD Dhannad,Le Havre,Europe (North),suez,2,2026-09,2,3531.0,3739.0,5.9,6.0,-0.1,0.0,3039.0,4271.0
ICD Dhannad,New York/New Jersey,US East Coast,suez_panama,3,2026-09,2,3457.0,3640.0,5.3,3.7,-0.2,1.75,3229.0,3952.0
ICD Dhannad,Savannah,US East Coast,suez_panama,3,2026-09,2,3403.0,3593.0,5.6,3.7,0.1,1.75,3154.0,3926.0
ICD Dhannad,Norfolk,US East Coast,suez_panama,3,2026-09,2,3602.0,3791.0,5.2,3.7,-0.2,1.75,3369.0,4111.0
ICD Dhannad,Charleston,US East Coast,suez_panama,3,2026-09,2,3559.0,3753.0,5.5,3.7,0.0,1.75,3310.0,4090.0
ICD Dhannad,Baltimore,US East Coast,suez_panama,3,2026-09,2,3855.0,4058.0,5.3,3.7,-0.2,1.75,3602.0,4404.0
ICD Dhannad,Houston,US Gulf / Caribbean / Latin America,panama,5,2026-09,2,3850.0,4033.0,4.7,3.3,-0.1,1.5,3613.0,4351.0
ICD Dhannad,New Orleans,US Gulf / Caribbean / Latin America,panama,5,2026-09,2,3742.0,3925.0,4.9,3.3,0.1,1.5,3499.0,4248.0
ICD Dhannad,Cartagena,US Gulf / Caribbean / Latin America,panama,5,2026-09,2,3134.0,3291.0,5.0,3.3,0.2,1.5,2922.0,3571.0
ICD Dhannad,Balboa,US Gulf / Caribbean / Latin America,panama,5,2026-09,2,2934.0,3071.0,4.7,3.3,-0.2,1.5,2759.0,3308.0
ICD Dhannad,Kingston,US Gulf / Caribbean / Latin America,panama,5,2026-09,2,2890.0,3036.0,5.0,3.3,0.2,1.5,2692.0,3297.0
ICD Dhannad,Lagos,Africa / South America (Cape),cape_route,4,2026-09,2,2922.0,2965.0,1.5,1.8,-0.3,0.0,2821.0,3074.0
ICD Dhannad,Tema,Africa / South America (Cape),cape_route,4,2026-09,2,3096.0,3148.0,1.7,1.8,-0.1,0.0,2974.0,3279.0
ICD Dhannad,Durban,Africa / South America (Cape),cape_route,4,2026-09,2,2515.0,2559.0,1.7,1.8,-0.0,0.0,2412.0,2671.0
ICD Dhannad,Cape Town,Africa / South America (Cape),cape_route,4,2026-09,2,2533.0,2575.0,1.7,1.8,-0.1,0.0,2433.0,2683.0
ICD Dhannad,Santos,Africa / South America (Cape),cape_route,4,2026-09,2,3037.0,3093.0,1.9,1.8,0.1,0.0,2904.0,3237.0
ICD Dhannad,Buenos Aires,Africa / South America (Cape),cape_route,4,2026-09,2,3509.0,3568.0,1.7,1.8,-0.1,0.0,3369.0,3719.0
ICD Dhannad,Mombasa,Indian Ocean Rim,indian_ocean,1,2026-09,2,1108.0,1135.0,2.5,2.2,0.3,0.0,1043.0,1205.0
ICD Dhannad,Dar es Salaam,Indian Ocean Rim,indian_ocean,1,2026-09,2,1155.0,1183.0,2.4,2.2,0.2,0.0,1089.0,1255.0
ICD Dhannad,Colombo,Indian Ocean Rim,indian_ocean,1,2026-09,2,891.0,910.0,2.1,2.2,-0.1,0.0,846.0,958.0
ICD Dhannad,Port Louis,Indian Ocean Rim,indian_ocean,1,2026-09,2,1327.0,1354.0,2.0,2.2,-0.1,0.0,1263.0,1423.0
ICD Dhannad,Karachi,Indian Ocean Rim,indian_ocean,1,2026-09,2,945.0,969.0,2.5,2.2,0.3,0.0,889.0,1029.0
ICD Dhannad,Los Angeles/Long Beach,Pacific (US West / Oceania),pacific,3,2026-09,2,2459.0,2549.0,3.6,1.8,0.1,1.75,2392.0,2667.0
ICD Dhannad,Oakland,Pacific (US West / Oceania),pacific,3,2026-09,2,2545.0,2642.0,3.8,1.8,0.3,1.75,2466.0,2776.0
ICD Dhannad,Seattle/Tacoma,Pacific (US West / Oceania),pacific,3,2026-09,2,2367.0,2451.0,3.5,1.8,0.0,1.75,2309.0,2558.0
ICD Dhannad,Vancouver,Pacific (US West / Oceania),pacific,3,2026-09,2,2574.0,2664.0,3.5,1.8,0.0,1.75,2512.0,2780.0
ICD Dhannad,Melbourne,Pacific (US West / Oceania),pacific,3,2026-09,2,2263.0,2351.0,3.9,1.8,0.4,1.75,2190.0,2473.0
ICD Dhannad,Sydney,Pacific (US West / Oceania),pacific,3,2026-09,2,2440.0,2528.0,3.6,1.8,0.1,1.75,2375.0,2645.0
ICD Dhannad,Auckland,Pacific (US West / Oceania),pacific,3,2026-09,2,2361.0,2442.0,3.4,1.8,-0.1,1.75,2309.0,2542.0
ICD Dhannad,Singapore,Intra-Asia,intra_asia,1,2026-09,2,815.0,825.0,1.2,1.3,-0.1,0.0,792.0,850.0
ICD Dhannad,Port Klang,Intra-Asia,intra_asia,1,2026-09,2,782.0,795.0,1.6,1.3,0.3,0.0,752.0,827.0
ICD Dhannad,Laem Chabang,Intra-Asia,intra_asia,1,2026-09,2,905.0,917.0,1.4,1.3,0.0,0.0,876.0,949.0
ICD Dhannad,Ho Chi Minh City (Cat Lai),Intra-Asia,intra_asia,1,2026-09,2,937.0,948.0,1.2,1.3,-0.1,0.0,910.0,977.0
ICD Dhannad,Shanghai,Intra-Asia,intra_asia,1,2026-09,2,1058.0,1070.0,1.2,1.3,-0.2,0.0,1029.0,1102.0
ICD Dhannad,Ningbo,Intra-Asia,intra_asia,1,2026-09,2,1147.0,1167.0,1.7,1.3,0.4,0.0,1100.0,1218.0
ICD Dhannad,Yantian (Shenzhen),Intra-Asia,intra_asia,1,2026-09,2,1072.0,1085.0,1.3,1.3,-0.1,0.0,1040.0,1120.0
ICD Dhannad,Busan,Intra-Asia,intra_asia,1,2026-09,2,1272.0,1290.0,1.4,1.3,0.1,0.0,1230.0,1335.0
ICD Dhannad,Yokohama,Intra-Asia,intra_asia,1,2026-09,2,1285.0,1302.0,1.3,1.3,-0.0,0.0,1245.0,1346.0
Nhava Sheva (JNPT),Jebel Ali,Middle East,hormuz,6,2026-10,3,868.0,947.0,9.1,9.2,-0.1,0.0,769.0,1131.0
Nhava Sheva (JNPT),Dammam,Middle East,hormuz,6,2026-10,3,946.0,1032.0,9.1,9.2,-0.1,0.0,838.0,1231.0
Nhava Sheva (JNPT),Bandar Abbas,Middle East,hormuz,6,2026-10,3,966.0,1055.0,9.3,9.2,0.1,0.0,854.0,1264.0
Nhava Sheva (JNPT),Kuwait City,Middle East,hormuz,6,2026-10,3,862.0,941.0,9.2,9.2,-0.0,0.0,763.0,1124.0
Nhava Sheva (JNPT),Hamad Port (Doha),Middle East,hormuz,6,2026-10,3,842.0,921.0,9.4,9.2,0.2,0.0,743.0,1104.0
Nhava Sheva (JNPT),Sohar,Middle East,hormuz,6,2026-10,3,884.0,965.0,9.2,9.2,-0.0,0.0,783.0,1153.0
Nhava Sheva (JNPT),Jeddah,Red Sea / East Africa,red_sea,0,2026-10,3,1051.0,1147.0,9.1,9.1,0.0,0.0,931.0,1369.0
Nhava Sheva (JNPT),Port Sudan,Red Sea / East Africa,red_sea,0,2026-10,3,1505.0,1639.0,8.9,9.1,-0.2,0.0,1337.0,1950.0
Nhava Sheva (JNPT),Djibouti,Red Sea / East Africa,red_sea,0,2026-10,3,1349.0,1471.0,9.0,9.1,-0.1,0.0,1196.0,1754.0
Nhava Sheva (JNPT),Aqaba,Red Sea / East Africa,red_sea,0,2026-10,3,1317.0,1437.0,9.1,9.1,0.0,0.0,1167.0,1716.0
Nhava Sheva (JNPT),Suez,Red Sea / East Africa,red_sea,0,2026-10,3,1491.0,1627.0,9.1,9.1,0.0,0.0,1320.0,1944.0
Nhava Sheva (JNPT),Piraeus,Europe (Mediterranean),suez,2,2026-10,3,2311.0,2506.0,8.5,8.6,-0.2,0.0,2066.0,2961.0
Nhava Sheva (JNPT),Genoa,Europe (Mediterranean),suez,2,2026-10,3,2452.0,2663.0,8.6,8.6,0.0,0.0,2187.0,3155.0
Nhava Sheva (JNPT),Barcelona,Europe (Mediterranean),suez,2,2026-10,3,2478.0,2694.0,8.7,8.6,0.1,0.0,2207.0,3197.0
Nhava Sheva (JNPT),Marseille,Europe (Mediterranean),suez,2,2026-10,3,2602.0,2831.0,8.8,8.6,0.2,0.0,2315.0,3364.0
Nhava Sheva (JNPT),Valencia,Europe (Mediterranean),suez,2,2026-10,3,2501.0,2714.0,8.5,8.6,-0.1,0.0,2233.0,3211.0
Nhava Sheva (JNPT),Gioia Tauro,Europe (Mediterranean),suez,2,2026-10,3,2648.0,2881.0,8.8,8.6,0.2,0.0,2356.0,3423.0
Nhava Sheva (JNPT),Ambarli (Istanbul),Europe (Mediterranean),suez,2,2026-10,3,2467.0,2673.0,8.3,8.6,-0.3,0.0,2209.0,3152.0
Nhava Sheva (JNPT),Rotterdam,Europe (North),suez,2,2026-10,3,3120.0,3386.0,8.5,8.6,-0.1,0.0,2786.0,4006.0
Nhava Sheva (JNPT),Hamburg,Europe (North),suez,2,2026-10,3,3395.0,3698.0,8.9,8.6,0.3,0.0,3016.0,4401.0
Nhava Sheva (JNPT),Antwerp,Europe (North),suez,2,2026-10,3,2975.0,3235.0,8.8,8.6,0.1,0.0,2649.0,3841.0
Nhava Sheva (JNPT),Felixstowe,Europe (North),suez,2,2026-10,3,3072.0,3340.0,8.7,8.6,0.1,0.0,2736.0,3963.0
Nhava Sheva (JNPT),Le Havre,Europe (North),suez,2,2026-10,3,3196.0,3471.0,8.6,8.6,0.0,0.0,2851.0,4112.0
Nhava Sheva (JNPT),New York/New Jersey,US East Coast,suez_panama,3,2026-10,3,3122.0,3289.0,5.4,5.3,0.0,0.0,2912.0,3678.0
Nhava Sheva (JNPT),Savannah,US East Coast,suez_panama,3,2026-10,3,3068.0,3231.0,5.3,5.3,-0.0,0.0,2864.0,3609.0
Nhava Sheva (JNPT),Norfolk,US East Coast,suez_panama,3,2026-10,3,3267.0,3426.0,4.9,5.3,-0.5,0.0,3067.0,3796.0
Nhava Sheva (JNPT),Charleston,US East Coast,suez_panama,3,2026-10,3,3224.0,3409.0,5.7,5.3,0.4,0.0,2992.0,3839.0
Nhava Sheva (JNPT),Baltimore,US East Coast,suez_panama,3,2026-10,3,3520.0,3715.0,5.5,5.3,0.2,0.0,3275.0,4169.0
Nhava Sheva (JNPT),Houston,US Gulf / Caribbean / Latin America,panama,5,2026-10,3,3515.0,3683.0,4.8,4.8,0.0,0.0,3304.0,4075.0
Nhava Sheva (JNPT),New Orleans,US Gulf / Caribbean / Latin America,panama,5,2026-10,3,3407.0,3573.0,4.9,4.8,0.1,0.0,3199.0,3959.0
Nhava Sheva (JNPT),Cartagena,US Gulf / Caribbean / Latin America,panama,5,2026-10,3,2799.0,2932.0,4.8,4.8,-0.0,0.0,2632.0,3243.0
Nhava Sheva (JNPT),Balboa,US Gulf / Caribbean / Latin America,panama,5,2026-10,3,2599.0,2733.0,5.1,4.8,0.4,0.0,2431.0,3043.0
Nhava Sheva (JNPT),Kingston,US Gulf / Caribbean / Latin America,panama,5,2026-10,3,2555.0,2677.0,4.8,4.8,0.0,0.0,2401.0,2962.0
Nhava Sheva (JNPT),Lagos,Africa / South America (Cape),cape_route,4,2026-10,3,2587.0,2661.0,2.8,2.5,-0.1,0.45,2521.0,2805.0
Nhava Sheva (JNPT),Tema,Africa / South America (Cape),cape_route,4,2026-10,3,2761.0,2837.0,2.8,2.5,-0.2,0.45,2693.0,2986.0
Nhava Sheva (JNPT),Durban,Africa / South America (Cape),cape_route,4,2026-10,3,2180.0,2247.0,3.1,2.5,0.1,0.45,2118.0,2381.0
Nhava Sheva (JNPT),Cape Town,Africa / South America (Cape),cape_route,4,2026-10,3,2198.0,2271.0,3.3,2.5,0.3,0.45,2129.0,2416.0
Nhava Sheva (JNPT),Santos,Africa / South America (Cape),cape_route,4,2026-10,3,2702.0,2789.0,3.2,2.5,0.2,0.45,2620.0,2963.0
Nhava Sheva (JNPT),Buenos Aires,Africa / South America (Cape),cape_route,4,2026-10,3,3174.0,3254.0,2.5,2.5,-0.5,0.45,3106.0,3407.0
Nhava Sheva (JNPT),Mombasa,Indian Ocean Rim,indian_ocean,1,2026-10,3,773.0,808.0,4.5,3.2,-0.2,1.57,756.0,861.0
Nhava Sheva (JNPT),Dar es Salaam,Indian Ocean Rim,indian_ocean,1,2026-10,3,820.0,857.0,4.5,3.2,-0.2,1.57,803.0,913.0
Nhava Sheva (JNPT),Colombo,Indian Ocean Rim,indian_ocean,1,2026-10,3,556.0,581.0,4.4,3.2,-0.3,1.57,545.0,618.0
Nhava Sheva (JNPT),Port Louis,Indian Ocean Rim,indian_ocean,1,2026-10,3,992.0,1039.0,4.7,3.2,0.0,1.57,968.0,1112.0
Nhava Sheva (JNPT),Karachi,Indian Ocean Rim,indian_ocean,1,2026-10,3,610.0,641.0,5.1,3.2,0.4,1.57,593.0,691.0
Nhava Sheva (JNPT),Los Angeles/Long Beach,Pacific (US West / Oceania),pacific,3,2026-10,3,2124.0,2177.0,2.5,2.5,-0.0,0.0,2057.0,2301.0
Nhava Sheva (JNPT),Oakland,Pacific (US West / Oceania),pacific,3,2026-10,3,2210.0,2264.0,2.4,2.5,-0.1,0.0,2143.0,2388.0
Nhava Sheva (JNPT),Seattle/Tacoma,Pacific (US West / Oceania),pacific,3,2026-10,3,2032.0,2080.0,2.4,2.5,-0.2,0.0,1972.0,2192.0
Nhava Sheva (JNPT),Vancouver,Pacific (US West / Oceania),pacific,3,2026-10,3,2239.0,2300.0,2.7,2.5,0.2,0.0,2163.0,2441.0
Nhava Sheva (JNPT),Melbourne,Pacific (US West / Oceania),pacific,3,2026-10,3,1928.0,1975.0,2.4,2.5,-0.1,0.0,1869.0,2083.0
Nhava Sheva (JNPT),Sydney,Pacific (US West / Oceania),pacific,3,2026-10,3,2105.0,2154.0,2.3,2.5,-0.2,0.0,2044.0,2267.0
Nhava Sheva (JNPT),Auckland,Pacific (US West / Oceania),pacific,3,2026-10,3,2026.0,2070.0,2.2,2.5,-0.4,0.0,1971.0,2171.0
Nhava Sheva (JNPT),Singapore,Intra-Asia,intra_asia,1,2026-10,3,480.0,497.0,3.5,1.9,0.2,1.4,474.0,521.0
Nhava Sheva (JNPT),Port Klang,Intra-Asia,intra_asia,1,2026-10,3,447.0,462.0,3.3,1.9,-0.1,1.4,443.0,481.0
Nhava Sheva (JNPT),Laem Chabang,Intra-Asia,intra_asia,1,2026-10,3,570.0,585.0,2.7,1.9,-0.7,1.4,569.0,602.0
Nhava Sheva (JNPT),Ho Chi Minh City (Cat Lai),Intra-Asia,intra_asia,1,2026-10,3,602.0,623.0,3.6,1.9,0.2,1.4,594.0,654.0
Nhava Sheva (JNPT),Shanghai,Intra-Asia,intra_asia,1,2026-10,3,723.0,748.0,3.4,1.9,0.1,1.4,715.0,782.0
Nhava Sheva (JNPT),Ningbo,Intra-Asia,intra_asia,1,2026-10,3,812.0,834.0,2.7,1.9,-0.6,1.4,810.0,859.0
Nhava Sheva (JNPT),Yantian (Shenzhen),Intra-Asia,intra_asia,1,2026-10,3,737.0,761.0,3.3,1.9,-0.1,1.4,730.0,793.0
Nhava Sheva (JNPT),Busan,Intra-Asia,intra_asia,1,2026-10,3,937.0,965.0,3.0,1.9,-0.4,1.4,931.0,1000.0
Nhava Sheva (JNPT),Yokohama,Intra-Asia,intra_asia,1,2026-10,3,950.0,980.0,3.2,1.9,-0.1,1.4,942.0,1020.0
ICD Tihi,Jebel Ali,Middle East,hormuz,6,2026-10,3,1053.0,1150.0,9.2,9.2,0.0,0.0,932.0,1374.0
ICD Tihi,Dammam,Middle East,hormuz,6,2026-10,3,1131.0,1234.0,9.1,9.2,-0.0,0.0,1002.0,1474.0
ICD Tihi,Bandar Abbas,Middle East,hormuz,6,2026-10,3,1151.0,1257.0,9.2,9.2,0.0,0.0,1018.0,1503.0
ICD Tihi,Kuwait City,Middle East,hormuz,6,2026-10,3,1047.0,1143.0,9.2,9.2,0.0,0.0,926.0,1367.0
ICD Tihi,Hamad Port (Doha),Middle East,hormuz,6,2026-10,3,1027.0,1122.0,9.3,9.2,0.1,0.0,908.0,1343.0
ICD Tihi,Sohar,Middle East,hormuz,6,2026-10,3,1069.0,1169.0,9.4,9.2,0.2,0.0,943.0,1402.0
ICD Tihi,Jeddah,Red Sea / East Africa,red_sea,0,2026-10,3,1236.0,1349.0,9.1,9.1,0.0,0.0,1095.0,1611.0
ICD Tihi,Port Sudan,Red Sea / East Africa,red_sea,0,2026-10,3,1690.0,1841.0,8.9,9.1,-0.2,0.0,1501.0,2192.0
ICD Tihi,Djibouti,Red Sea / East Africa,red_sea,0,2026-10,3,1534.0,1675.0,9.2,9.1,0.1,0.0,1357.0,2002.0
ICD Tihi,Aqaba,Red Sea / East Africa,red_sea,0,2026-10,3,1502.0,1639.0,9.2,9.1,0.1,0.0,1330.0,1959.0
ICD Tihi,Suez,Red Sea / East Africa,red_sea,0,2026-10,3,1676.0,1829.0,9.1,9.1,0.0,0.0,1485.0,2183.0
ICD Tihi,Piraeus,Europe (Mediterranean),suez,2,2026-10,3,2496.0,2710.0,8.6,8.6,-0.1,0.0,2228.0,3207.0
ICD Tihi,Genoa,Europe (Mediterranean),suez,2,2026-10,3,2637.0,2857.0,8.3,8.6,-0.3,0.0,2361.0,3369.0
ICD Tihi,Barcelona,Europe (Mediterranean),suez,2,2026-10,3,2663.0,2896.0,8.8,8.6,0.1,0.0,2371.0,3438.0
ICD Tihi,Marseille,Europe (Mediterranean),suez,2,2026-10,3,2787.0,3032.0,8.8,8.6,0.2,0.0,2480.0,3600.0
ICD Tihi,Valencia,Europe (Mediterranean),suez,2,2026-10,3,2686.0,2917.0,8.6,8.6,0.0,0.0,2396.0,3456.0
ICD Tihi,Gioia Tauro,Europe (Mediterranean),suez,2,2026-10,3,2833.0,3075.0,8.5,8.6,-0.1,0.0,2530.0,3637.0
ICD Tihi,Ambarli (Istanbul),Europe (Mediterranean),suez,2,2026-10,3,2652.0,2886.0,8.8,8.6,0.2,0.0,2358.0,3431.0
ICD Tihi,Rotterdam,Europe (North),suez,2,2026-10,3,3305.0,3586.0,8.5,8.6,-0.1,0.0,2952.0,4240.0
ICD Tihi,Hamburg,Europe (North),suez,2,2026-10,3,3580.0,3891.0,8.7,8.6,0.1,0.0,3190.0,4615.0
ICD Tihi,Antwerp,Europe (North),suez,2,2026-10,3,3160.0,3448.0,9.1,8.6,0.5,0.0,2799.0,4116.0
ICD Tihi,Felixstowe,Europe (North),suez,2,2026-10,3,3257.0,3539.0,8.7,8.6,0.1,0.0,2903.0,4196.0
ICD Tihi,Le Havre,Europe (North),suez,2,2026-10,3,3381.0,3669.0,8.5,8.6,-0.1,0.0,3020.0,4338.0
ICD Tihi,New York/New Jersey,US East Coast,suez_panama,3,2026-10,3,3307.0,3488.0,5.5,5.3,0.1,0.0,3080.0,3908.0
ICD Tihi,Savannah,US East Coast,suez_panama,3,2026-10,3,3253.0,3420.0,5.1,5.3,-0.2,0.0,3043.0,3809.0
ICD Tihi,Norfolk,US East Coast,suez_panama,3,2026-10,3,3452.0,3638.0,5.4,5.3,0.1,0.0,3219.0,4070.0
ICD Tihi,Charleston,US East Coast,suez_panama,3,2026-10,3,3409.0,3597.0,5.5,5.3,0.2,0.0,3173.0,4035.0
ICD Tihi,Baltimore,US East Coast,suez_panama,3,2026-10,3,3705.0,3899.0,5.2,5.3,-0.1,0.0,3462.0,4349.0
ICD Tihi,Houston,US Gulf / Caribbean / Latin America,panama,5,2026-10,3,3700.0,3890.0,5.1,4.8,0.4,0.0,3461.0,4333.0
ICD Tihi,New Orleans,US Gulf / Caribbean / Latin America,panama,5,2026-10,3,3592.0,3759.0,4.7,4.8,-0.1,0.0,3382.0,4148.0
ICD Tihi,Cartagena,US Gulf / Caribbean / Latin America,panama,5,2026-10,3,2984.0,3124.0,4.7,4.8,-0.1,0.0,2809.0,3449.0
ICD Tihi,Balboa,US Gulf / Caribbean / Latin America,panama,5,2026-10,3,2784.0,2908.0,4.4,4.8,-0.4,0.0,2629.0,3195.0
ICD Tihi,Kingston,US Gulf / Caribbean / Latin America,panama,5,2026-10,3,2740.0,2868.0,4.7,4.8,-0.1,0.0,2580.0,3164.0
ICD Tihi,Lagos,Africa / South America (Cape),cape_route,4,2026-10,3,2772.0,2855.0,3.0,2.5,0.0,0.45,2696.0,3020.0
ICD Tihi,Tema,Africa / South America (Cape),cape_route,4,2026-10,3,2946.0,3037.0,3.1,2.5,0.1,0.45,2862.0,3218.0
ICD Tihi,Durban,Africa / South America (Cape),cape_route,4,2026-10,3,2365.0,2432.0,2.8,2.5,-0.2,0.45,2305.0,2562.0
ICD Tihi,Cape Town,Africa / South America (Cape),cape_route,4,2026-10,3,2383.0,2460.0,3.3,2.5,0.3,0.45,2310.0,2616.0
ICD Tihi,Santos,Africa / South America (Cape),cape_route,4,2026-10,3,2887.0,2985.0,3.4,2.5,0.4,0.45,2794.0,3182.0
ICD Tihi,Buenos Aires,Africa / South America (Cape),cape_route,4,2026-10,3,3359.0,3465.0,3.2,2.5,0.2,0.45,3260.0,3678.0
ICD Tihi,Mombasa,Indian Ocean Rim,indian_ocean,1,2026-10,3,958.0,1003.0,4.7,3.2,0.0,1.57,935.0,1073.0
ICD Tihi,Dar es Salaam,Indian Ocean Rim,indian_ocean,1,2026-10,3,1005.0,1053.0,4.8,3.2,0.0,1.57,981.0,1127.0
ICD Tihi,Colombo,Indian Ocean Rim,indian_ocean,1,2026-10,3,741.0,775.0,4.6,3.2,-0.1,1.57,724.0,828.0
ICD Tihi,Port Louis,Indian Ocean Rim,indian_ocean,1,2026-10,3,1177.0,1234.0,4.8,3.2,0.1,1.57,1147.0,1323.0
ICD Tihi,Karachi,Indian Ocean Rim,indian_ocean,1,2026-10,3,795.0,833.0,4.7,3.2,0.0,1.57,776.0,891.0
ICD Tihi,Los Angeles/Long Beach,Pacific (US West / Oceania),pacific,3,2026-10,3,2309.0,2365.0,2.4,2.5,-0.1,0.0,2239.0,2495.0
ICD Tihi,Oakland,Pacific (US West / Oceania),pacific,3,2026-10,3,2395.0,2475.0,3.3,2.5,0.8,0.0,2295.0,2661.0
ICD Tihi,Seattle/Tacoma,Pacific (US West / Oceania),pacific,3,2026-10,3,2217.0,2278.0,2.7,2.5,0.2,0.0,2141.0,2419.0
ICD Tihi,Vancouver,Pacific (US West / Oceania),pacific,3,2026-10,3,2424.0,2496.0,3.0,2.5,0.4,0.0,2334.0,2663.0
ICD Tihi,Melbourne,Pacific (US West / Oceania),pacific,3,2026-10,3,2113.0,2174.0,2.9,2.5,0.4,0.0,2037.0,2315.0
ICD Tihi,Sydney,Pacific (US West / Oceania),pacific,3,2026-10,3,2290.0,2346.0,2.5,2.5,-0.1,0.0,2220.0,2477.0
ICD Tihi,Auckland,Pacific (US West / Oceania),pacific,3,2026-10,3,2211.0,2260.0,2.2,2.5,-0.3,0.0,2150.0,2373.0
ICD Tihi,Singapore,Intra-Asia,intra_asia,1,2026-10,3,665.0,688.0,3.5,1.9,0.2,1.4,657.0,721.0
ICD Tihi,Port Klang,Intra-Asia,intra_asia,1,2026-10,3,632.0,655.0,3.7,1.9,0.3,1.4,623.0,688.0
ICD Tihi,Laem Chabang,Intra-Asia,intra_asia,1,2026-10,3,755.0,779.0,3.2,1.9,-0.2,1.4,749.0,810.0
ICD Tihi,Ho Chi Minh City (Cat Lai),Intra-Asia,intra_asia,1,2026-10,3,787.0,813.0,3.3,1.9,0.0,1.4,779.0,849.0
ICD Tihi,Shanghai,Intra-Asia,intra_asia,1,2026-10,3,908.0,940.0,3.5,1.9,0.1,1.4,897.0,983.0
ICD Tihi,Ningbo,Intra-Asia,intra_asia,1,2026-10,3,997.0,1032.0,3.5,1.9,0.1,1.4,985.0,1080.0
ICD Tihi,Yantian (Shenzhen),Intra-Asia,intra_asia,1,2026-10,3,922.0,950.0,3.0,1.9,-0.4,1.4,917.0,984.0
ICD Tihi,Busan,Intra-Asia,intra_asia,1,2026-10,3,1122.0,1161.0,3.5,1.9,0.2,1.4,1108.0,1216.0
ICD Tihi,Yokohama,Intra-Asia,intra_asia,1,2026-10,3,1135.0,1177.0,3.7,1.9,0.4,1.4,1118.0,1238.0
ICD Dhannad,Jebel Ali,Middle East,hormuz,6,2026-10,3,1203.0,1313.0,9.1,9.2,-0.0,0.0,1065.0,1568.0
ICD Dhannad,Dammam,Middle East,hormuz,6,2026-10,3,1281.0,1399.0,9.2,9.2,0.0,0.0,1133.0,1673.0
ICD Dhannad,Bandar Abbas,Middle East,hormuz,6,2026-10,3,1301.0,1418.0,9.0,9.2,-0.1,0.0,1154.0,1691.0
ICD Dhannad,Kuwait City,Middle East,hormuz,6,2026-10,3,1197.0,1306.0,9.1,9.2,-0.1,0.0,1061.0,1558.0
ICD Dhannad,Hamad Port (Doha),Middle East,hormuz,6,2026-10,3,1177.0,1285.0,9.2,9.2,-0.0,0.0,1042.0,1535.0
ICD Dhannad,Sohar,Middle East,hormuz,6,2026-10,3,1219.0,1332.0,9.2,9.2,0.1,0.0,1078.0,1593.0
ICD Dhannad,Jeddah,Red Sea / East Africa,red_sea,0,2026-10,3,1386.0,1511.0,9.0,9.1,-0.1,0.0,1229.0,1802.0
ICD Dhannad,Port Sudan,Red Sea / East Africa,red_sea,0,2026-10,3,1840.0,2004.0,8.9,9.1,-0.2,0.0,1634.0,2385.0
ICD Dhannad,Djibouti,Red Sea / East Africa,red_sea,0,2026-10,3,1684.0,1834.0,8.9,9.1,-0.2,0.0,1496.0,2183.0
ICD Dhannad,Aqaba,Red Sea / East Africa,red_sea,0,2026-10,3,1652.0,1806.0,9.3,9.1,0.2,0.0,1459.0,2164.0
ICD Dhannad,Suez,Red Sea / East Africa,red_sea,0,2026-10,3,1826.0,1991.0,9.0,9.1,-0.1,0.0,1619.0,2375.0
ICD Dhannad,Piraeus,Europe (Mediterranean),suez,2,2026-10,3,2646.0,2872.0,8.5,8.6,-0.1,0.0,2363.0,3397.0
ICD Dhannad,Genoa,Europe (Mediterranean),suez,2,2026-10,3,2787.0,3021.0,8.4,8.6,-0.2,0.0,2493.0,3566.0
ICD Dhannad,Barcelona,Europe (Mediterranean),suez,2,2026-10,3,2813.0,3063.0,8.9,8.6,0.3,0.0,2500.0,3644.0
ICD Dhannad,Marseille,Europe (Mediterranean),suez,2,2026-10,3,2937.0,3180.0,8.3,8.6,-0.4,0.0,2633.0,3744.0
ICD Dhannad,Valencia,Europe (Mediterranean),suez,2,2026-10,3,2836.0,3094.0,9.1,8.6,0.5,0.0,2512.0,3694.0
ICD Dhannad,Gioia Tauro,Europe (Mediterranean),suez,2,2026-10,3,2983.0,3238.0,8.6,8.6,-0.1,0.0,2663.0,3832.0
ICD Dhannad,Ambarli (Istanbul),Europe (Mediterranean),suez,2,2026-10,3,2802.0,3049.0,8.8,8.6,0.2,0.0,2492.0,3625.0
ICD Dhannad,Rotterdam,Europe (North),suez,2,2026-10,3,3455.0,3748.0,8.5,8.6,-0.1,0.0,3088.0,4429.0
ICD Dhannad,Hamburg,Europe (North),suez,2,2026-10,3,3730.0,4052.0,8.6,8.6,0.0,0.0,3326.0,4802.0
ICD Dhannad,Antwerp,Europe (North),suez,2,2026-10,3,3310.0,3593.0,8.5,8.6,-0.1,0.0,2956.0,4249.0
ICD Dhannad,Felixstowe,Europe (North),suez,2,2026-10,3,3407.0,3694.0,8.4,8.6,-0.2,0.0,3047.0,4362.0
ICD Dhannad,Le Havre,Europe (North),suez,2,2026-10,3,3531.0,3830.0,8.5,8.6,-0.1,0.0,3155.0,4527.0
ICD Dhannad,New York/New Jersey,US East Coast,suez_panama,3,2026-10,3,3457.0,3633.0,5.1,5.3,-0.2,0.0,3236.0,4042.0
ICD Dhannad,Savannah,US East Coast,suez_panama,3,2026-10,3,3403.0,3591.0,5.5,5.3,0.2,0.0,3167.0,4028.0
ICD Dhannad,Norfolk,US East Coast,suez_panama,3,2026-10,3,3602.0,3782.0,5.0,5.3,-0.3,0.0,3376.0,4202.0
ICD Dhannad,Charleston,US East Coast,suez_panama,3,2026-10,3,3559.0,3749.0,5.3,5.3,0.0,0.0,3321.0,4190.0
ICD Dhannad,Baltimore,US East Coast,suez_panama,3,2026-10,3,3855.0,4050.0,5.1,5.3,-0.3,0.0,3610.0,4504.0
ICD Dhannad,Houston,US Gulf / Caribbean / Latin America,panama,5,2026-10,3,3850.0,4029.0,4.7,4.8,-0.1,0.0,3625.0,4446.0
ICD Dhannad,New Orleans,US Gulf / Caribbean / Latin America,panama,5,2026-10,3,3742.0,3924.0,4.9,4.8,0.1,0.0,3513.0,4348.0
ICD Dhannad,Cartagena,US Gulf / Caribbean / Latin America,panama,5,2026-10,3,3134.0,3292.0,5.0,4.8,0.2,0.0,2936.0,3659.0
ICD Dhannad,Balboa,US Gulf / Caribbean / Latin America,panama,5,2026-10,3,2934.0,3068.0,4.6,4.8,-0.2,0.0,2767.0,3378.0
ICD Dhannad,Kingston,US Gulf / Caribbean / Latin America,panama,5,2026-10,3,2890.0,3037.0,5.1,4.8,0.3,0.0,2706.0,3379.0
ICD Dhannad,Lagos,Africa / South America (Cape),cape_route,4,2026-10,3,2922.0,2997.0,2.6,2.5,-0.4,0.45,2858.0,3139.0
ICD Dhannad,Tema,Africa / South America (Cape),cape_route,4,2026-10,3,3096.0,3184.0,2.8,2.5,-0.1,0.45,3017.0,3357.0
ICD Dhannad,Durban,Africa / South America (Cape),cape_route,4,2026-10,3,2515.0,2589.0,3.0,2.5,-0.0,0.45,2447.0,2736.0
ICD Dhannad,Cape Town,Africa / South America (Cape),cape_route,4,2026-10,3,2533.0,2605.0,2.8,2.5,-0.1,0.45,2468.0,2746.0
ICD Dhannad,Santos,Africa / South America (Cape),cape_route,4,2026-10,3,3037.0,3132.0,3.1,2.5,0.1,0.45,2949.0,3320.0
ICD Dhannad,Buenos Aires,Africa / South America (Cape),cape_route,4,2026-10,3,3509.0,3610.0,2.9,2.5,-0.1,0.45,3418.0,3808.0
ICD Dhannad,Mombasa,Indian Ocean Rim,indian_ocean,1,2026-10,3,1108.0,1165.0,5.1,3.2,0.4,1.57,1076.0,1256.0
ICD Dhannad,Dar es Salaam,Indian Ocean Rim,indian_ocean,1,2026-10,3,1155.0,1214.0,5.1,3.2,0.4,1.57,1122.0,1308.0
ICD Dhannad,Colombo,Indian Ocean Rim,indian_ocean,1,2026-10,3,891.0,932.0,4.6,3.2,-0.1,1.57,871.0,995.0
ICD Dhannad,Port Louis,Indian Ocean Rim,indian_ocean,1,2026-10,3,1327.0,1387.0,4.5,3.2,-0.2,1.57,1299.0,1477.0
ICD Dhannad,Karachi,Indian Ocean Rim,indian_ocean,1,2026-10,3,945.0,994.0,5.2,3.2,0.4,1.57,917.0,1072.0
ICD Dhannad,Los Angeles/Long Beach,Pacific (US West / Oceania),pacific,3,2026-10,3,2459.0,2526.0,2.7,2.5,0.2,0.0,2375.0,2681.0
ICD Dhannad,Oakland,Pacific (US West / Oceania),pacific,3,2026-10,3,2545.0,2620.0,3.0,2.5,0.4,0.0,2450.0,2796.0
ICD Dhannad,Seattle/Tacoma,Pacific (US West / Oceania),pacific,3,2026-10,3,2367.0,2428.0,2.6,2.5,0.0,0.0,2291.0,2568.0
ICD Dhannad,Vancouver,Pacific (US West / Oceania),pacific,3,2026-10,3,2574.0,2639.0,2.5,2.5,0.0,0.0,2492.0,2791.0
ICD Dhannad,Melbourne,Pacific (US West / Oceania),pacific,3,2026-10,3,2263.0,2332.0,3.0,2.5,0.5,0.0,2177.0,2492.0
ICD Dhannad,Sydney,Pacific (US West / Oceania),pacific,3,2026-10,3,2440.0,2506.0,2.7,2.5,0.2,0.0,2358.0,2658.0
ICD Dhannad,Auckland,Pacific (US West / Oceania),pacific,3,2026-10,3,2361.0,2418.0,2.4,2.5,-0.1,0.0,2290.0,2549.0
ICD Dhannad,Singapore,Intra-Asia,intra_asia,1,2026-10,3,815.0,840.0,3.1,1.9,-0.2,1.4,809.0,873.0
ICD Dhannad,Port Klang,Intra-Asia,intra_asia,1,2026-10,3,782.0,811.0,3.7,1.9,0.4,1.4,770.0,854.0
ICD Dhannad,Laem Chabang,Intra-Asia,intra_asia,1,2026-10,3,905.0,935.0,3.4,1.9,0.0,1.4,895.0,977.0
ICD Dhannad,Ho Chi Minh City (Cat Lai),Intra-Asia,intra_asia,1,2026-10,3,937.0,967.0,3.2,1.9,-0.2,1.4,930.0,1005.0
ICD Dhannad,Shanghai,Intra-Asia,intra_asia,1,2026-10,3,1058.0,1090.0,3.1,1.9,-0.3,1.4,1051.0,1132.0
ICD Dhannad,Ningbo,Intra-Asia,intra_asia,1,2026-10,3,1147.0,1192.0,3.9,1.9,0.6,1.4,1127.0,1259.0
ICD Dhannad,Yantian (Shenzhen),Intra-Asia,intra_asia,1,2026-10,3,1072.0,1106.0,3.2,1.9,-0.1,1.4,1063.0,1151.0
ICD Dhannad,Busan,Intra-Asia,intra_asia,1,2026-10,3,1272.0,1315.0,3.4,1.9,0.1,1.4,1258.0,1375.0
ICD Dhannad,Yokohama,Intra-Asia,intra_asia,1,2026-10,3,1285.0,1328.0,3.3,1.9,-0.0,1.4,1272.0,1385.0
